values; percentile
6.41; 0.00
6.81; 0.00
6.84; 0.00
7.06; 0.00
7.11; 0.00
7.12; 0.00
7.13; 0.00
7.14; 0.00
7.16; 0.00
7.20; 0.00
7.21; 0.00
7.23; 0.00
7.29; 0.00
7.31; 0.00
7.34; 0.00
7.36; 0.00
7.39; 0.01
7.44; 0.01
7.44; 0.01
7.45; 0.01
7.48; 0.01
7.52; 0.01
7.53; 0.01
7.55; 0.01
7.56; 0.01
7.56; 0.01
7.57; 0.01
7.58; 0.01
7.58; 0.01
7.61; 0.01
7.62; 0.01
7.62; 0.01
7.63; 0.01
7.63; 0.01
7.63; 0.01
7.63; 0.01
7.64; 0.01
7.64; 0.01
7.64; 0.01
7.65; 0.01
7.65; 0.01
7.67; 0.01
7.69; 0.01
7.69; 0.01
7.70; 0.01
7.70; 0.01
7.70; 0.01
7.70; 0.01
7.70; 0.01
7.71; 0.01
7.71; 0.01
7.71; 0.02
7.72; 0.02
7.72; 0.02
7.72; 0.02
7.73; 0.02
7.73; 0.02
7.73; 0.02
7.74; 0.02
7.74; 0.02
7.74; 0.02
7.74; 0.02
7.74; 0.02
7.74; 0.02
7.75; 0.02
7.75; 0.02
7.75; 0.02
7.76; 0.02
7.76; 0.02
7.76; 0.02
7.76; 0.02
7.77; 0.02
7.78; 0.02
7.78; 0.02
7.78; 0.02
7.78; 0.02
7.78; 0.02
7.79; 0.02
7.79; 0.02
7.79; 0.02
7.80; 0.03
7.80; 0.03
7.80; 0.03
7.80; 0.03
7.80; 0.03
7.81; 0.03
7.81; 0.03
7.81; 0.03
7.81; 0.03
7.81; 0.03
7.81; 0.03
7.81; 0.03
7.81; 0.03
7.81; 0.03
7.82; 0.03
7.82; 0.03
7.82; 0.03
7.82; 0.03
7.82; 0.03
7.82; 0.03
7.82; 0.03
7.82; 0.03
7.82; 0.03
7.82; 0.03
7.82; 0.03
7.82; 0.03
7.83; 0.04
7.83; 0.04
7.83; 0.04
7.83; 0.04
7.83; 0.04
7.83; 0.04
7.83; 0.04
7.83; 0.04
7.83; 0.04
7.83; 0.04
7.83; 0.04
7.83; 0.04
7.83; 0.04
7.84; 0.04
7.84; 0.04
7.84; 0.04
7.84; 0.04
7.84; 0.04
7.84; 0.04
7.84; 0.04
7.84; 0.04
7.84; 0.04
7.84; 0.04
7.84; 0.04
7.84; 0.04
7.84; 0.04
7.84; 0.04
7.84; 0.04
7.84; 0.04
7.84; 0.04
7.84; 0.04
7.84; 0.05
7.84; 0.05
7.84; 0.05
7.84; 0.05
7.84; 0.05
7.84; 0.05
7.84; 0.05
7.85; 0.05
7.85; 0.05
7.85; 0.05
7.85; 0.05
7.85; 0.05
7.85; 0.05
7.85; 0.05
7.85; 0.05
7.85; 0.05
7.85; 0.05
7.85; 0.05
7.86; 0.05
7.86; 0.05
7.86; 0.05
7.86; 0.05
7.86; 0.05
7.86; 0.05
7.86; 0.05
7.86; 0.05
7.86; 0.05
7.86; 0.05
7.86; 0.05
7.86; 0.05
7.87; 0.05
7.87; 0.05
7.87; 0.05
7.87; 0.05
7.87; 0.06
7.87; 0.06
7.87; 0.06
7.87; 0.06
7.87; 0.06
7.87; 0.06
7.87; 0.06
7.87; 0.06
7.87; 0.06
7.87; 0.06
7.87; 0.06
7.87; 0.06
7.87; 0.06
7.87; 0.06
7.87; 0.06
7.88; 0.06
7.88; 0.06
7.88; 0.06
7.88; 0.06
7.88; 0.06
7.88; 0.06
7.88; 0.06
7.88; 0.06
7.88; 0.06
7.88; 0.06
7.88; 0.06
7.88; 0.06
7.88; 0.06
7.88; 0.06
7.88; 0.06
7.88; 0.06
7.88; 0.06
7.88; 0.06
7.88; 0.06
7.88; 0.06
7.88; 0.06
7.88; 0.06
7.88; 0.07
7.88; 0.07
7.88; 0.07
7.88; 0.07
7.88; 0.07
7.88; 0.07
7.88; 0.07
7.88; 0.07
7.88; 0.07
7.88; 0.07
7.88; 0.07
7.88; 0.07
7.88; 0.07
7.88; 0.07
7.88; 0.07
7.88; 0.07
7.88; 0.07
7.88; 0.07
7.89; 0.07
7.89; 0.07
7.89; 0.07
7.89; 0.07
7.89; 0.07
7.89; 0.07
7.89; 0.07
7.89; 0.07
7.89; 0.07
7.89; 0.07
7.89; 0.07
7.89; 0.07
7.89; 0.07
7.89; 0.07
7.89; 0.07
7.89; 0.07
7.89; 0.07
7.89; 0.07
7.89; 0.08
7.89; 0.08
7.89; 0.08
7.89; 0.08
7.89; 0.08
7.89; 0.08
7.89; 0.08
7.89; 0.08
7.89; 0.08
7.89; 0.08
7.89; 0.08
7.89; 0.08
7.89; 0.08
7.89; 0.08
7.89; 0.08
7.89; 0.08
7.89; 0.08
7.89; 0.08
7.89; 0.08
7.89; 0.08
7.89; 0.08
7.89; 0.08
7.89; 0.08
7.89; 0.08
7.89; 0.08
7.89; 0.08
7.89; 0.08
7.89; 0.08
7.89; 0.08
7.89; 0.08
7.90; 0.08
7.90; 0.08
7.90; 0.08
7.90; 0.08
7.90; 0.08
7.90; 0.08
7.90; 0.09
7.90; 0.09
7.90; 0.09
7.90; 0.09
7.90; 0.09
7.90; 0.09
7.90; 0.09
7.90; 0.09
7.90; 0.09
7.90; 0.09
7.90; 0.09
7.90; 0.09
7.90; 0.09
7.90; 0.09
7.90; 0.09
7.90; 0.09
7.90; 0.09
7.90; 0.09
7.90; 0.09
7.90; 0.09
7.90; 0.09
7.90; 0.09
7.90; 0.09
7.90; 0.09
7.90; 0.09
7.90; 0.09
7.90; 0.09
7.90; 0.09
7.90; 0.09
7.90; 0.09
7.90; 0.09
7.90; 0.09
7.90; 0.09
7.90; 0.09
7.90; 0.10
7.90; 0.10
7.90; 0.10
7.90; 0.10
7.90; 0.10
7.90; 0.10
7.90; 0.10
7.90; 0.10
7.90; 0.10
7.90; 0.10
7.90; 0.10
7.90; 0.10
7.90; 0.10
7.90; 0.10
7.90; 0.10
7.90; 0.10
7.90; 0.10
7.90; 0.10
7.90; 0.10
7.90; 0.10
7.90; 0.10
7.90; 0.10
7.90; 0.10
7.90; 0.10
7.90; 0.10
7.90; 0.10
7.90; 0.10
7.90; 0.10
7.90; 0.10
7.90; 0.10
7.90; 0.11
7.90; 0.11
7.90; 0.11
7.90; 0.11
7.90; 0.11
7.90; 0.11
7.90; 0.11
7.90; 0.11
7.90; 0.11
7.90; 0.11
7.90; 0.11
7.90; 0.11
7.90; 0.11
7.90; 0.11
7.90; 0.11
7.90; 0.11
7.90; 0.11
7.90; 0.11
7.90; 0.11
7.90; 0.11
7.90; 0.11
7.90; 0.11
7.90; 0.11
7.90; 0.11
7.90; 0.11
7.90; 0.11
7.90; 0.12
7.90; 0.12
7.90; 0.12
7.90; 0.12
7.90; 0.12
7.90; 0.12
7.90; 0.12
7.90; 0.12
7.90; 0.12
7.90; 0.12
7.90; 0.12
7.90; 0.12
7.90; 0.12
7.90; 0.12
7.90; 0.12
7.90; 0.12
7.90; 0.12
7.90; 0.12
7.90; 0.12
7.90; 0.12
7.90; 0.12
7.90; 0.12
7.90; 0.12
7.90; 0.12
7.90; 0.12
7.90; 0.12
7.90; 0.12
7.90; 0.12
7.90; 0.13
7.90; 0.13
7.90; 0.13
7.90; 0.13
7.90; 0.13
7.90; 0.13
7.90; 0.13
7.90; 0.13
7.90; 0.13
7.90; 0.13
7.90; 0.13
7.90; 0.13
7.90; 0.13
7.90; 0.13
7.90; 0.13
7.90; 0.13
7.90; 0.13
7.90; 0.13
7.90; 0.13
7.90; 0.13
7.90; 0.13
7.90; 0.13
7.90; 0.13
7.90; 0.13
7.90; 0.13
7.90; 0.13
7.90; 0.13
7.90; 0.14
7.90; 0.14
7.90; 0.14
7.90; 0.14
7.90; 0.14
7.90; 0.14
7.90; 0.14
7.90; 0.14
7.90; 0.14
7.90; 0.14
7.90; 0.14
7.90; 0.14
7.90; 0.14
7.90; 0.14
7.90; 0.14
7.90; 0.14
7.90; 0.14
7.90; 0.14
7.90; 0.14
7.90; 0.14
7.90; 0.14
7.90; 0.14
7.90; 0.15
7.90; 0.15
7.90; 0.15
7.90; 0.15
7.90; 0.15
7.90; 0.15
7.90; 0.15
7.90; 0.15
7.90; 0.15
7.90; 0.15
7.90; 0.15
7.90; 0.15
7.90; 0.15
7.90; 0.15
7.90; 0.15
7.90; 0.15
7.90; 0.15
7.90; 0.15
7.90; 0.15
7.90; 0.15
7.90; 0.15
7.90; 0.15
7.90; 0.15
7.90; 0.15
7.90; 0.15
7.90; 0.15
7.90; 0.16
7.90; 0.16
7.90; 0.16
7.90; 0.16
7.90; 0.16
7.90; 0.16
7.90; 0.16
7.90; 0.16
7.90; 0.16
7.90; 0.16
7.90; 0.16
7.90; 0.16
7.90; 0.16
7.90; 0.16
7.90; 0.16
7.90; 0.16
7.90; 0.16
7.90; 0.16
7.90; 0.16
7.90; 0.16
7.90; 0.16
7.90; 0.17
7.90; 0.17
7.90; 0.17
7.90; 0.17
7.90; 0.17
7.90; 0.17
7.90; 0.17
7.90; 0.17
7.90; 0.17
7.90; 0.17
7.90; 0.17
7.90; 0.17
7.90; 0.17
7.90; 0.17
7.90; 0.17
7.90; 0.17
7.90; 0.17
7.90; 0.17
7.90; 0.17
7.90; 0.17
7.90; 0.17
7.90; 0.17
7.90; 0.17
7.90; 0.17
7.90; 0.17
7.90; 0.17
7.90; 0.17
7.90; 0.18
7.90; 0.18
7.90; 0.18
7.90; 0.18
7.90; 0.18
7.90; 0.18
7.90; 0.18
7.90; 0.18
7.90; 0.18
7.90; 0.18
7.90; 0.18
7.90; 0.18
7.90; 0.18
7.90; 0.18
7.90; 0.18
7.90; 0.18
7.90; 0.18
7.90; 0.18
7.90; 0.18
7.90; 0.18
7.90; 0.18
7.90; 0.18
7.90; 0.18
7.90; 0.18
7.90; 0.18
7.90; 0.18
7.90; 0.18
7.90; 0.18
7.90; 0.18
7.90; 0.19
7.90; 0.19
7.90; 0.19
7.90; 0.19
7.90; 0.19
7.90; 0.19
7.90; 0.19
7.90; 0.19
7.90; 0.19
7.90; 0.19
7.90; 0.19
7.90; 0.19
7.90; 0.19
7.90; 0.19
7.90; 0.19
7.90; 0.19
7.90; 0.19
7.90; 0.19
7.90; 0.19
7.90; 0.19
7.90; 0.19
7.90; 0.19
7.90; 0.19
7.90; 0.19
7.90; 0.20
7.90; 0.20
7.90; 0.20
7.90; 0.20
7.90; 0.20
7.90; 0.20
7.90; 0.20
7.90; 0.20
7.90; 0.20
7.90; 0.20
7.90; 0.20
7.90; 0.20
7.90; 0.20
7.90; 0.20
7.90; 0.20
7.90; 0.20
7.90; 0.20
7.90; 0.20
7.90; 0.20
7.90; 0.20
7.90; 0.20
7.90; 0.20
7.90; 0.20
7.90; 0.21
7.90; 0.21
7.90; 0.21
7.90; 0.21
7.90; 0.21
7.90; 0.21
7.90; 0.21
7.90; 0.21
7.90; 0.21
7.90; 0.21
7.90; 0.21
7.90; 0.21
7.90; 0.21
7.90; 0.21
7.90; 0.21
7.90; 0.21
7.90; 0.21
7.90; 0.21
7.90; 0.21
7.90; 0.21
7.90; 0.21
7.90; 0.21
7.90; 0.21
7.90; 0.22
7.90; 0.22
7.90; 0.22
7.90; 0.22
7.90; 0.22
7.90; 0.22
7.90; 0.22
7.90; 0.22
7.90; 0.22
7.90; 0.22
7.90; 0.22
7.90; 0.22
7.90; 0.22
7.90; 0.22
7.90; 0.22
7.90; 0.22
7.90; 0.22
7.90; 0.22
7.90; 0.22
7.90; 0.22
7.90; 0.22
7.90; 0.22
7.90; 0.22
7.90; 0.22
7.90; 0.22
7.90; 0.22
7.90; 0.22
7.90; 0.22
7.90; 0.23
7.90; 0.23
7.90; 0.23
7.90; 0.23
7.90; 0.23
7.90; 0.23
7.90; 0.23
7.90; 0.23
7.90; 0.23
7.90; 0.23
7.90; 0.23
7.90; 0.23
7.90; 0.23
7.90; 0.23
7.90; 0.23
7.90; 0.23
7.90; 0.23
7.90; 0.23
7.90; 0.23
7.90; 0.23
7.90; 0.23
7.90; 0.23
7.90; 0.23
7.90; 0.23
7.90; 0.23
7.90; 0.23
7.90; 0.23
7.90; 0.23
7.90; 0.23
7.90; 0.24
7.90; 0.24
7.90; 0.24
7.90; 0.24
7.90; 0.24
7.90; 0.24
7.90; 0.24
7.90; 0.24
7.90; 0.24
7.90; 0.24
7.90; 0.24
7.90; 0.24
7.90; 0.24
7.90; 0.24
7.90; 0.24
7.90; 0.24
7.90; 0.24
7.90; 0.24
7.90; 0.24
7.90; 0.24
7.90; 0.24
7.90; 0.25
7.90; 0.25
7.90; 0.25
7.90; 0.25
7.90; 0.25
7.90; 0.25
7.90; 0.25
7.90; 0.25
7.90; 0.25
7.90; 0.25
7.90; 0.25
7.90; 0.25
7.90; 0.25
7.90; 0.25
7.90; 0.25
7.90; 0.25
7.90; 0.25
7.90; 0.25
7.90; 0.25
7.90; 0.25
7.90; 0.25
7.90; 0.25
7.90; 0.25
7.90; 0.25
7.90; 0.25
7.90; 0.25
7.90; 0.25
7.90; 0.25
7.90; 0.25
7.90; 0.25
7.90; 0.25
7.90; 0.25
7.90; 0.26
7.90; 0.26
7.90; 0.26
7.90; 0.26
7.90; 0.26
7.90; 0.26
7.90; 0.26
7.90; 0.26
7.90; 0.26
7.90; 0.26
7.90; 0.26
7.90; 0.26
7.90; 0.26
7.90; 0.26
7.90; 0.26
7.90; 0.26
7.90; 0.26
7.90; 0.26
7.90; 0.26
7.90; 0.26
7.90; 0.26
7.90; 0.26
7.90; 0.26
7.90; 0.26
7.90; 0.26
7.90; 0.26
7.90; 0.26
7.90; 0.26
7.90; 0.26
7.90; 0.26
7.90; 0.26
7.90; 0.26
7.90; 0.26
7.90; 0.26
7.90; 0.26
7.90; 0.27
7.90; 0.27
7.90; 0.27
7.90; 0.27
7.90; 0.27
7.90; 0.27
7.90; 0.27
7.90; 0.27
7.90; 0.27
7.90; 0.27
7.90; 0.27
7.90; 0.27
7.90; 0.27
7.90; 0.27
7.90; 0.27
7.90; 0.27
7.90; 0.27
7.90; 0.27
7.90; 0.27
7.90; 0.27
7.90; 0.27
7.90; 0.27
7.90; 0.27
7.90; 0.27
7.90; 0.27
7.90; 0.27
7.90; 0.27
7.90; 0.27
7.90; 0.27
7.90; 0.28
7.90; 0.28
7.90; 0.28
7.90; 0.28
7.90; 0.28
7.90; 0.28
7.90; 0.28
7.90; 0.28
7.90; 0.28
7.90; 0.28
7.90; 0.28
7.90; 0.28
7.91; 0.28
7.91; 0.28
7.91; 0.28
7.91; 0.28
7.91; 0.28
7.91; 0.28
7.91; 0.28
7.91; 0.28
7.91; 0.28
7.91; 0.28
7.91; 0.28
7.91; 0.28
7.91; 0.28
7.91; 0.28
7.91; 0.29
7.91; 0.29
7.91; 0.29
7.92; 0.29
7.92; 0.29
7.92; 0.29
7.92; 0.29
7.92; 0.29
7.92; 0.29
7.92; 0.29
7.92; 0.29
7.92; 0.29
7.92; 0.29
7.92; 0.29
7.92; 0.29
7.92; 0.29
7.92; 0.29
7.92; 0.29
7.92; 0.29
7.92; 0.29
7.93; 0.29
7.93; 0.29
7.93; 0.29
7.93; 0.29
7.93; 0.29
7.93; 0.29
7.93; 0.29
7.93; 0.29
7.93; 0.29
7.93; 0.29
7.93; 0.29
7.93; 0.29
7.93; 0.29
7.93; 0.30
7.93; 0.30
7.93; 0.30
7.93; 0.30
7.93; 0.30
7.93; 0.30
7.93; 0.30
7.93; 0.30
7.93; 0.30
7.93; 0.30
7.93; 0.30
7.93; 0.30
7.93; 0.30
7.93; 0.30
7.93; 0.30
7.93; 0.30
7.93; 0.30
7.93; 0.30
7.93; 0.30
7.93; 0.30
7.93; 0.30
7.93; 0.30
7.93; 0.30
7.93; 0.30
7.93; 0.30
7.94; 0.30
7.94; 0.30
7.94; 0.30
7.94; 0.30
7.94; 0.30
7.94; 0.30
7.95; 0.31
7.95; 0.31
7.95; 0.31
7.95; 0.31
7.95; 0.31
7.95; 0.31
7.95; 0.31
7.95; 0.31
7.95; 0.31
7.95; 0.31
7.95; 0.31
7.96; 0.31
7.96; 0.31
7.96; 0.31
7.96; 0.31
7.96; 0.31
7.96; 0.31
7.96; 0.31
7.96; 0.31
7.96; 0.31
7.96; 0.31
7.96; 0.31
7.96; 0.31
7.96; 0.31
7.96; 0.31
7.97; 0.31
7.97; 0.31
7.97; 0.31
7.97; 0.31
7.97; 0.31
7.97; 0.32
7.97; 0.32
7.97; 0.32
7.97; 0.32
7.97; 0.32
7.97; 0.32
7.97; 0.32
7.97; 0.32
7.97; 0.32
7.97; 0.32
7.97; 0.32
7.97; 0.32
7.97; 0.32
7.97; 0.32
7.97; 0.32
7.97; 0.32
7.97; 0.32
7.97; 0.32
7.97; 0.32
7.97; 0.32
7.97; 0.32
7.98; 0.32
7.98; 0.32
7.98; 0.32
7.98; 0.32
7.98; 0.32
7.98; 0.32
7.98; 0.32
7.98; 0.32
7.98; 0.32
7.98; 0.32
7.98; 0.32
7.98; 0.32
7.98; 0.33
7.98; 0.33
7.98; 0.33
7.98; 0.33
7.98; 0.33
7.98; 0.33
7.98; 0.33
7.98; 0.33
7.98; 0.33
7.98; 0.33
7.98; 0.33
7.98; 0.33
7.99; 0.33
7.99; 0.33
7.99; 0.33
7.99; 0.33
7.99; 0.33
7.99; 0.33
7.99; 0.33
7.99; 0.33
7.99; 0.33
7.99; 0.33
7.99; 0.33
7.99; 0.33
7.99; 0.33
7.99; 0.33
7.99; 0.33
7.99; 0.33
7.99; 0.33
7.99; 0.33
7.99; 0.33
7.99; 0.33
7.99; 0.33
7.99; 0.34
7.99; 0.34
7.99; 0.34
8.00; 0.34
8.00; 0.34
8.00; 0.34
8.00; 0.34
8.00; 0.34
8.00; 0.34
8.00; 0.34
8.00; 0.34
8.00; 0.34
8.00; 0.34
8.00; 0.34
8.00; 0.34
8.00; 0.34
8.00; 0.34
8.00; 0.34
8.00; 0.34
8.00; 0.34
8.00; 0.34
8.00; 0.34
8.00; 0.34
8.00; 0.34
8.00; 0.34
8.00; 0.34
8.00; 0.34
8.00; 0.35
8.00; 0.35
8.00; 0.35
8.00; 0.35
8.00; 0.35
8.00; 0.35
8.00; 0.35
8.00; 0.35
8.00; 0.35
8.00; 0.35
8.00; 0.35
8.00; 0.35
8.00; 0.35
8.00; 0.35
8.00; 0.35
8.00; 0.35
8.00; 0.35
8.00; 0.35
8.00; 0.35
8.00; 0.35
8.00; 0.35
8.00; 0.35
8.00; 0.35
8.00; 0.35
8.00; 0.35
8.00; 0.35
8.00; 0.36
8.00; 0.36
8.00; 0.36
8.00; 0.36
8.00; 0.36
8.00; 0.36
8.00; 0.36
8.00; 0.36
8.00; 0.36
8.00; 0.36
8.00; 0.36
8.00; 0.36
8.01; 0.36
8.01; 0.36
8.01; 0.36
8.01; 0.36
8.01; 0.36
8.01; 0.36
8.01; 0.36
8.01; 0.36
8.01; 0.36
8.01; 0.36
8.01; 0.36
8.01; 0.36
8.01; 0.37
8.01; 0.37
8.01; 0.37
8.01; 0.37
8.01; 0.37
8.01; 0.37
8.01; 0.37
8.01; 0.37
8.01; 0.37
8.01; 0.37
8.01; 0.37
8.01; 0.37
8.01; 0.37
8.01; 0.37
8.01; 0.37
8.01; 0.37
8.01; 0.37
8.01; 0.37
8.01; 0.37
8.01; 0.37
8.01; 0.37
8.01; 0.37
8.01; 0.37
8.01; 0.37
8.01; 0.37
8.01; 0.37
8.01; 0.37
8.01; 0.37
8.01; 0.38
8.01; 0.38
8.01; 0.38
8.01; 0.38
8.01; 0.38
8.01; 0.38
8.01; 0.38
8.01; 0.38
8.01; 0.38
8.01; 0.38
8.01; 0.38
8.01; 0.38
8.01; 0.38
8.01; 0.38
8.01; 0.38
8.01; 0.38
8.01; 0.38
8.01; 0.38
8.01; 0.38
8.01; 0.38
8.01; 0.38
8.01; 0.38
8.01; 0.38
8.02; 0.38
8.02; 0.38
8.02; 0.38
8.02; 0.38
8.02; 0.38
8.02; 0.39
8.02; 0.39
8.02; 0.39
8.02; 0.39
8.02; 0.39
8.02; 0.39
8.02; 0.39
8.02; 0.39
8.02; 0.39
8.02; 0.39
8.02; 0.39
8.02; 0.39
8.02; 0.39
8.02; 0.39
8.02; 0.39
8.02; 0.39
8.02; 0.39
8.02; 0.39
8.02; 0.39
8.02; 0.39
8.02; 0.39
8.02; 0.39
8.02; 0.39
8.02; 0.39
8.02; 0.39
8.02; 0.39
8.02; 0.39
8.02; 0.39
8.02; 0.39
8.02; 0.39
8.02; 0.40
8.02; 0.40
8.02; 0.40
8.02; 0.40
8.02; 0.40
8.02; 0.40
8.02; 0.40
8.02; 0.40
8.02; 0.40
8.02; 0.40
8.02; 0.40
8.02; 0.40
8.02; 0.40
8.02; 0.40
8.02; 0.40
8.02; 0.40
8.02; 0.40
8.02; 0.40
8.02; 0.40
8.02; 0.40
8.02; 0.40
8.02; 0.40
8.02; 0.40
8.02; 0.40
8.02; 0.40
8.02; 0.40
8.02; 0.41
8.02; 0.41
8.02; 0.41
8.02; 0.41
8.02; 0.41
8.02; 0.41
8.02; 0.41
8.02; 0.41
8.02; 0.41
8.02; 0.41
8.02; 0.41
8.02; 0.41
8.02; 0.41
8.02; 0.41
8.02; 0.41
8.02; 0.41
8.02; 0.41
8.02; 0.41
8.02; 0.41
8.02; 0.41
8.02; 0.41
8.02; 0.41
8.02; 0.41
8.02; 0.41
8.02; 0.41
8.02; 0.41
8.02; 0.41
8.02; 0.42
8.02; 0.42
8.02; 0.42
8.02; 0.42
8.02; 0.42
8.02; 0.42
8.02; 0.42
8.02; 0.42
8.02; 0.42
8.02; 0.42
8.02; 0.42
8.02; 0.42
8.02; 0.42
8.02; 0.42
8.02; 0.42
8.02; 0.42
8.02; 0.42
8.02; 0.42
8.02; 0.42
8.02; 0.42
8.02; 0.42
8.02; 0.42
8.02; 0.42
8.02; 0.42
8.02; 0.42
8.02; 0.42
8.02; 0.42
8.02; 0.43
8.02; 0.43
8.02; 0.43
8.02; 0.43
8.02; 0.43
8.02; 0.43
8.02; 0.43
8.02; 0.43
8.02; 0.43
8.02; 0.43
8.02; 0.43
8.02; 0.43
8.02; 0.43
8.02; 0.43
8.02; 0.43
8.02; 0.43
8.02; 0.43
8.02; 0.43
8.02; 0.43
8.02; 0.43
8.02; 0.43
8.02; 0.43
8.02; 0.43
8.02; 0.43
8.02; 0.43
8.02; 0.43
8.02; 0.43
8.02; 0.43
8.02; 0.43
8.02; 0.43
8.02; 0.43
8.02; 0.43
8.02; 0.43
8.02; 0.43
8.02; 0.43
8.02; 0.44
8.02; 0.44
8.02; 0.44
8.02; 0.44
8.02; 0.44
8.02; 0.44
8.02; 0.44
8.02; 0.44
8.02; 0.44
8.02; 0.44
8.02; 0.44
8.02; 0.44
8.02; 0.44
8.02; 0.44
8.02; 0.44
8.02; 0.44
8.02; 0.44
8.02; 0.44
8.02; 0.44
8.02; 0.44
8.02; 0.44
8.02; 0.44
8.02; 0.44
8.02; 0.45
8.02; 0.45
8.02; 0.45
8.02; 0.45
8.02; 0.45
8.02; 0.45
8.02; 0.45
8.02; 0.45
8.02; 0.45
8.02; 0.45
8.02; 0.45
8.02; 0.45
8.02; 0.45
8.02; 0.45
8.02; 0.45
8.02; 0.45
8.02; 0.45
8.02; 0.45
8.02; 0.45
8.02; 0.45
8.02; 0.45
8.02; 0.45
8.02; 0.45
8.02; 0.46
8.02; 0.46
8.02; 0.46
8.02; 0.46
8.02; 0.46
8.02; 0.46
8.02; 0.46
8.02; 0.46
8.02; 0.46
8.02; 0.46
8.02; 0.46
8.02; 0.46
8.02; 0.46
8.02; 0.46
8.02; 0.46
8.02; 0.46
8.02; 0.46
8.02; 0.46
8.02; 0.46
8.02; 0.46
8.02; 0.46
8.02; 0.46
8.02; 0.46
8.02; 0.47
8.02; 0.47
8.02; 0.47
8.02; 0.47
8.02; 0.47
8.02; 0.47
8.02; 0.47
8.02; 0.47
8.02; 0.47
8.02; 0.47
8.02; 0.47
8.02; 0.47
8.02; 0.47
8.02; 0.48
8.02; 0.48
8.02; 0.48
8.02; 0.48
8.02; 0.48
8.02; 0.48
8.02; 0.48
8.02; 0.48
8.02; 0.48
8.02; 0.48
8.02; 0.49
8.02; 0.49
8.02; 0.49
8.02; 0.49
8.02; 0.49
8.02; 0.49
8.02; 0.49
8.02; 0.49
8.02; 0.49
8.02; 0.49
8.02; 0.49
8.02; 0.49
8.02; 0.49
8.02; 0.49
8.02; 0.49
8.02; 0.49
8.02; 0.50
8.02; 0.50
8.02; 0.50
8.02; 0.50
8.02; 0.50
8.02; 0.50
8.02; 0.50
8.02; 0.50
8.02; 0.50
8.02; 0.50
8.02; 0.50
8.02; 0.50
8.02; 0.50
8.02; 0.50
8.02; 0.51
8.02; 0.51
8.02; 0.51
8.02; 0.51
8.02; 0.51
8.02; 0.51
8.02; 0.51
8.02; 0.51
8.02; 0.51
8.02; 0.51
8.02; 0.51
8.02; 0.51
8.02; 0.51
8.02; 0.51
8.02; 0.51
8.02; 0.52
8.02; 0.52
8.02; 0.52
8.02; 0.52
8.02; 0.52
8.02; 0.52
8.02; 0.52
8.02; 0.52
8.02; 0.52
8.02; 0.52
8.02; 0.52
8.02; 0.52
8.02; 0.52
8.02; 0.53
8.02; 0.53
8.02; 0.53
8.02; 0.53
8.02; 0.53
8.02; 0.53
8.02; 0.53
8.02; 0.53
8.02; 0.53
8.02; 0.53
8.02; 0.53
8.02; 0.53
8.02; 0.53
8.02; 0.53
8.02; 0.53
8.02; 0.53
8.02; 0.53
8.02; 0.53
8.02; 0.54
8.02; 0.54
8.02; 0.54
8.02; 0.54
8.02; 0.54
8.02; 0.54
8.02; 0.54
8.02; 0.54
8.02; 0.54
8.02; 0.54
8.02; 0.54
8.02; 0.55
8.02; 0.55
8.02; 0.55
8.02; 0.55
8.02; 0.55
8.02; 0.55
8.02; 0.55
8.02; 0.55
8.02; 0.56
8.02; 0.56
8.02; 0.56
8.02; 0.56
8.02; 0.56
8.02; 0.56
8.02; 0.56
8.02; 0.56
8.02; 0.56
8.02; 0.57
8.02; 0.57
8.02; 0.57
8.02; 0.57
8.02; 0.57
8.02; 0.57
8.02; 0.57
8.02; 0.57
8.02; 0.57
8.02; 0.57
8.02; 0.58
8.02; 0.58
8.02; 0.58
8.02; 0.58
8.02; 0.58
8.02; 0.58
8.02; 0.58
8.02; 0.58
8.02; 0.58
8.02; 0.58
8.02; 0.58
8.02; 0.59
8.02; 0.59
8.02; 0.59
8.02; 0.59
8.02; 0.59
8.02; 0.59
8.02; 0.59
8.02; 0.59
8.02; 0.59
8.02; 0.59
8.02; 0.59
8.02; 0.59
8.02; 0.59
8.02; 0.59
8.02; 0.60
8.02; 0.60
8.02; 0.60
8.02; 0.60
8.02; 0.60
8.02; 0.60
8.02; 0.60
8.02; 0.60
8.02; 0.60
8.02; 0.60
8.02; 0.60
8.02; 0.60
8.02; 0.61
8.02; 0.61
8.02; 0.61
8.02; 0.61
8.02; 0.61
8.02; 0.61
8.02; 0.61
8.02; 0.61
8.02; 0.61
8.02; 0.61
8.02; 0.61
8.02; 0.61
8.02; 0.61
8.02; 0.61
8.02; 0.62
8.02; 0.62
8.02; 0.62
8.02; 0.62
8.02; 0.62
8.02; 0.62
8.02; 0.62
8.02; 0.62
8.02; 0.62
8.02; 0.62
8.02; 0.62
8.02; 0.62
8.02; 0.62
8.02; 0.62
8.02; 0.62
8.02; 0.62
8.02; 0.62
8.02; 0.62
8.02; 0.63
8.02; 0.63
8.02; 0.63
8.02; 0.63
8.02; 0.63
8.02; 0.63
8.02; 0.63
8.02; 0.63
8.02; 0.63
8.02; 0.63
8.02; 0.63
8.02; 0.63
8.02; 0.63
8.02; 0.63
8.02; 0.63
8.02; 0.63
8.02; 0.63
8.02; 0.63
8.02; 0.63
8.02; 0.64
8.02; 0.64
8.02; 0.64
8.02; 0.64
8.02; 0.64
8.02; 0.64
8.02; 0.64
8.02; 0.64
8.02; 0.64
8.02; 0.64
8.02; 0.64
8.02; 0.64
8.02; 0.64
8.02; 0.64
8.02; 0.65
8.02; 0.65
8.02; 0.65
8.02; 0.65
8.02; 0.65
8.02; 0.65
8.02; 0.65
8.02; 0.65
8.02; 0.65
8.02; 0.65
8.02; 0.65
8.02; 0.65
8.02; 0.65
8.02; 0.65
8.02; 0.66
8.02; 0.66
8.02; 0.66
8.02; 0.66
8.02; 0.66
8.02; 0.66
8.02; 0.66
8.02; 0.66
8.02; 0.66
8.02; 0.66
8.02; 0.66
8.02; 0.66
8.02; 0.66
8.02; 0.66
8.02; 0.66
8.02; 0.66
8.02; 0.67
8.02; 0.67
8.02; 0.67
8.02; 0.67
8.02; 0.67
8.02; 0.67
8.02; 0.67
8.02; 0.67
8.02; 0.67
8.02; 0.67
8.02; 0.67
8.02; 0.67
8.02; 0.67
8.02; 0.68
8.02; 0.68
8.02; 0.68
8.02; 0.68
8.02; 0.68
8.02; 0.68
8.02; 0.68
8.02; 0.68
8.02; 0.68
8.02; 0.68
8.02; 0.68
8.02; 0.68
8.02; 0.68
8.02; 0.69
8.02; 0.69
8.02; 0.69
8.02; 0.69
8.02; 0.69
8.02; 0.69
8.02; 0.69
8.02; 0.69
8.02; 0.69
8.02; 0.69
8.02; 0.69
8.02; 0.69
8.02; 0.69
8.02; 0.69
8.02; 0.69
8.02; 0.69
8.02; 0.69
8.02; 0.70
8.02; 0.70
8.02; 0.70
8.02; 0.70
8.02; 0.70
8.02; 0.70
8.02; 0.70
8.02; 0.70
8.02; 0.70
8.02; 0.70
8.02; 0.70
8.02; 0.70
8.02; 0.70
8.02; 0.70
8.02; 0.70
8.02; 0.70
8.02; 0.70
8.02; 0.71
8.02; 0.71
8.02; 0.71
8.02; 0.71
8.02; 0.71
8.02; 0.71
8.02; 0.71
8.02; 0.71
8.02; 0.71
8.02; 0.71
8.02; 0.71
8.02; 0.71
8.02; 0.71
8.02; 0.71
8.02; 0.71
8.02; 0.71
8.02; 0.71
8.02; 0.71
8.02; 0.71
8.02; 0.71
8.02; 0.71
8.02; 0.72
8.02; 0.72
8.02; 0.72
8.02; 0.72
8.02; 0.72
8.02; 0.72
8.02; 0.72
8.02; 0.72
8.02; 0.72
8.02; 0.72
8.02; 0.72
8.02; 0.72
8.02; 0.72
8.02; 0.72
8.02; 0.72
8.02; 0.72
8.02; 0.72
8.02; 0.72
8.02; 0.72
8.02; 0.72
8.02; 0.72
8.02; 0.72
8.02; 0.72
8.02; 0.72
8.02; 0.73
8.02; 0.73
8.02; 0.73
8.02; 0.73
8.02; 0.73
8.02; 0.73
8.02; 0.73
8.02; 0.73
8.02; 0.73
8.02; 0.73
8.02; 0.73
8.02; 0.73
8.02; 0.73
8.02; 0.73
8.02; 0.73
8.02; 0.73
8.02; 0.73
8.02; 0.73
8.02; 0.73
8.02; 0.73
8.02; 0.73
8.02; 0.73
8.02; 0.73
8.02; 0.73
8.02; 0.74
8.02; 0.74
8.02; 0.74
8.02; 0.74
8.02; 0.74
8.02; 0.74
8.02; 0.74
8.02; 0.74
8.02; 0.74
8.02; 0.74
8.02; 0.74
8.02; 0.74
8.02; 0.74
8.02; 0.74
8.02; 0.74
8.02; 0.74
8.02; 0.74
8.02; 0.74
8.02; 0.74
8.02; 0.74
8.02; 0.74
8.02; 0.74
8.02; 0.74
8.02; 0.74
8.02; 0.74
8.02; 0.74
8.02; 0.74
8.02; 0.74
8.02; 0.75
8.02; 0.75
8.02; 0.75
8.02; 0.75
8.02; 0.75
8.02; 0.75
8.02; 0.75
8.02; 0.75
8.02; 0.75
8.02; 0.75
8.02; 0.75
8.02; 0.75
8.02; 0.75
8.02; 0.75
8.02; 0.75
8.02; 0.75
8.02; 0.75
8.02; 0.75
8.02; 0.75
8.02; 0.75
8.02; 0.75
8.02; 0.75
8.02; 0.75
8.02; 0.75
8.02; 0.75
8.02; 0.75
8.02; 0.75
8.02; 0.75
8.02; 0.75
8.02; 0.76
8.02; 0.76
8.02; 0.76
8.02; 0.76
8.02; 0.76
8.02; 0.76
8.02; 0.76
8.02; 0.76
8.02; 0.76
8.02; 0.76
8.02; 0.76
8.02; 0.76
8.02; 0.76
8.02; 0.76
8.02; 0.76
8.02; 0.76
8.02; 0.76
8.02; 0.76
8.02; 0.76
8.02; 0.76
8.02; 0.76
8.02; 0.76
8.02; 0.76
8.02; 0.76
8.02; 0.76
8.02; 0.76
8.02; 0.76
8.02; 0.76
8.02; 0.76
8.02; 0.76
8.02; 0.76
8.02; 0.77
8.02; 0.77
8.02; 0.77
8.07; 0.77
8.15; 0.77
8.15; 0.77
8.24; 0.77
8.38; 0.77
8.38; 0.77
8.41; 0.77
8.42; 0.77
8.43; 0.77
8.44; 0.77
8.45; 0.77
8.46; 0.77
8.46; 0.77
8.47; 0.77
8.49; 0.77
8.50; 0.77
8.53; 0.77
8.55; 0.77
8.56; 0.77
8.56; 0.77
8.58; 0.77
8.59; 0.77
8.59; 0.77
8.59; 0.77
8.60; 0.78
8.61; 0.78
8.61; 0.78
8.62; 0.78
8.63; 0.78
8.64; 0.78
8.64; 0.78
8.64; 0.78
8.64; 0.78
8.65; 0.78
8.65; 0.78
8.65; 0.78
8.66; 0.78
8.66; 0.78
8.66; 0.78
8.66; 0.78
8.67; 0.78
8.67; 0.78
8.67; 0.78
8.67; 0.78
8.68; 0.78
8.68; 0.78
8.69; 0.78
8.69; 0.78
8.70; 0.78
8.70; 0.78
8.70; 0.78
8.70; 0.78
8.70; 0.79
8.70; 0.79
8.71; 0.79
8.71; 0.79
8.71; 0.79
8.71; 0.79
8.71; 0.79
8.71; 0.79
8.71; 0.79
8.71; 0.79
8.71; 0.79
8.71; 0.79
8.71; 0.79
8.71; 0.79
8.71; 0.79
8.72; 0.79
8.72; 0.79
8.72; 0.79
8.72; 0.79
8.72; 0.79
8.72; 0.79
8.72; 0.79
8.72; 0.79
8.72; 0.79
8.72; 0.79
8.73; 0.79
8.73; 0.80
8.73; 0.80
8.73; 0.80
8.73; 0.80
8.73; 0.80
8.73; 0.80
8.73; 0.80
8.73; 0.80
8.73; 0.80
8.73; 0.80
8.73; 0.80
8.73; 0.80
8.73; 0.80
8.73; 0.80
8.74; 0.80
8.74; 0.80
8.74; 0.81
8.74; 0.81
8.74; 0.81
8.74; 0.81
8.74; 0.81
8.74; 0.81
8.74; 0.81
8.74; 0.81
8.74; 0.81
8.74; 0.81
8.74; 0.81
8.74; 0.81
8.74; 0.81
8.74; 0.81
8.74; 0.82
8.74; 0.82
8.74; 0.82
8.74; 0.82
8.74; 0.82
8.74; 0.82
8.74; 0.82
8.74; 0.82
8.74; 0.82
8.74; 0.82
8.74; 0.82
8.74; 0.82
8.74; 0.82
8.74; 0.82
8.74; 0.83
8.74; 0.83
8.75; 0.83
8.75; 0.83
8.75; 0.83
8.75; 0.83
8.75; 0.83
8.75; 0.83
8.75; 0.83
8.75; 0.83
8.75; 0.83
8.75; 0.83
8.75; 0.83
8.75; 0.83
8.75; 0.83
8.75; 0.83
8.75; 0.83
8.75; 0.83
8.75; 0.83
8.75; 0.84
8.75; 0.84
8.75; 0.84
8.75; 0.84
8.75; 0.84
8.75; 0.84
8.75; 0.84
8.75; 0.84
8.75; 0.84
8.75; 0.84
8.75; 0.84
8.75; 0.84
8.75; 0.84
8.75; 0.85
8.75; 0.85
8.75; 0.85
8.75; 0.85
8.75; 0.85
8.75; 0.85
8.75; 0.85
8.75; 0.85
8.75; 0.85
8.75; 0.85
8.75; 0.85
8.75; 0.85
8.75; 0.85
8.75; 0.85
8.75; 0.85
8.75; 0.85
8.75; 0.85
8.75; 0.85
8.75; 0.85
8.75; 0.85
8.75; 0.86
8.75; 0.86
8.75; 0.86
8.75; 0.86
8.75; 0.86
8.75; 0.86
8.75; 0.86
8.75; 0.86
8.75; 0.86
8.75; 0.86
8.75; 0.86
8.75; 0.86
8.75; 0.86
8.75; 0.86
8.75; 0.86
8.75; 0.86
8.75; 0.86
8.75; 0.86
8.75; 0.86
8.75; 0.86
8.75; 0.87
8.75; 0.87
8.75; 0.87
8.75; 0.87
8.75; 0.87
8.75; 0.87
8.75; 0.87
8.75; 0.87
8.75; 0.87
8.75; 0.87
8.75; 0.87
8.75; 0.87
8.75; 0.87
8.75; 0.87
8.75; 0.87
8.75; 0.87
8.75; 0.87
8.75; 0.87
8.75; 0.87
8.75; 0.88
8.75; 0.88
8.75; 0.88
8.75; 0.88
8.75; 0.88
8.75; 0.88
8.75; 0.88
8.75; 0.88
8.75; 0.88
8.75; 0.88
8.75; 0.88
8.75; 0.88
8.75; 0.88
8.75; 0.88
8.75; 0.88
8.75; 0.88
8.75; 0.88
8.75; 0.88
8.75; 0.88
8.75; 0.89
8.75; 0.89
8.75; 0.89
8.75; 0.89
8.75; 0.89
8.75; 0.89
8.75; 0.89
8.75; 0.89
8.75; 0.89
8.75; 0.89
8.75; 0.89
8.75; 0.89
8.75; 0.89
8.75; 0.89
8.75; 0.89
8.75; 0.89
8.75; 0.89
8.75; 0.89
8.75; 0.90
8.75; 0.90
8.75; 0.90
8.75; 0.90
8.75; 0.90
8.75; 0.90
8.75; 0.90
8.75; 0.90
8.75; 0.90
8.75; 0.90
8.75; 0.90
8.75; 0.90
8.75; 0.90
8.75; 0.90
8.75; 0.90
8.75; 0.90
8.75; 0.90
8.75; 0.90
8.75; 0.90
8.75; 0.91
8.75; 0.91
8.75; 0.91
8.75; 0.91
8.75; 0.91
8.75; 0.91
8.75; 0.91
8.75; 0.91
8.75; 0.91
8.75; 0.91
8.75; 0.91
8.75; 0.92
8.75; 0.92
8.75; 0.92
8.75; 0.92
8.75; 0.92
8.75; 0.92
8.75; 0.92
8.75; 0.92
8.75; 0.92
8.75; 0.92
8.75; 0.92
8.75; 0.92
8.75; 0.92
8.75; 0.92
8.75; 0.92
8.75; 0.93
8.75; 0.93
8.75; 0.93
8.75; 0.93
8.75; 0.93
8.75; 0.93
8.75; 0.93
8.75; 0.93
8.75; 0.93
8.75; 0.93
8.75; 0.93
8.75; 0.93
8.75; 0.93
8.75; 0.94
8.75; 0.94
8.75; 0.94
8.75; 0.94
8.75; 0.94
8.75; 0.94
8.75; 0.94
8.75; 0.94
8.75; 0.94
8.75; 0.94
8.75; 0.94
8.75; 0.94
8.75; 0.94
8.75; 0.95
8.75; 0.95
8.75; 0.95
8.75; 0.95
8.75; 0.95
8.75; 0.95
8.75; 0.95
8.75; 0.95
8.75; 0.95
8.75; 0.95
8.75; 0.95
8.75; 0.95
8.75; 0.95
8.75; 0.95
8.75; 0.95
8.75; 0.95
8.75; 0.95
8.75; 0.95
8.75; 0.95
8.75; 0.95
8.75; 0.95
8.75; 0.95
8.75; 0.96
8.75; 0.96
8.75; 0.96
8.75; 0.96
8.75; 0.96
8.75; 0.96
8.75; 0.96
8.75; 0.96
8.75; 0.96
8.75; 0.96
8.75; 0.96
8.75; 0.96
8.75; 0.96
8.75; 0.96
8.75; 0.96
8.75; 0.96
8.75; 0.96
8.75; 0.96
8.75; 0.96
8.75; 0.96
8.75; 0.96
8.75; 0.96
8.75; 0.96
8.75; 0.96
8.75; 0.96
8.75; 0.97
8.75; 0.97
8.75; 0.97
8.75; 0.97
8.75; 0.97
8.75; 0.97
8.75; 0.97
8.75; 0.97
8.75; 0.97
8.75; 0.97
8.75; 0.97
8.75; 0.97
8.75; 0.97
8.75; 0.97
8.75; 0.97
8.75; 0.97
8.75; 0.97
8.75; 0.97
8.75; 0.97
8.75; 0.97
8.75; 0.97
8.75; 0.97
8.75; 0.98
8.75; 0.98
8.75; 0.98
8.75; 0.98
8.75; 0.98
8.75; 0.98
8.75; 0.98
8.75; 0.98
8.75; 0.98
8.75; 0.98
8.75; 0.98
8.75; 0.98
8.75; 0.98
8.75; 0.98
8.75; 0.98
8.75; 0.98
8.75; 0.98
8.75; 0.98
8.75; 0.98
8.75; 0.98
8.75; 0.98
8.75; 0.98
8.75; 0.99
8.75; 0.99
8.75; 0.99
8.75; 0.99
8.75; 0.99
8.75; 0.99
8.75; 0.99
8.75; 0.99
8.75; 0.99
8.75; 0.99
8.75; 0.99
8.75; 0.99
8.75; 0.99
8.75; 0.99
8.75; 0.99
8.75; 0.99
8.75; 0.99
8.75; 0.99
8.75; 0.99
8.75; 0.99
8.75; 0.99
8.75; 0.99
8.75; 0.99
8.75; 0.99
8.75; 0.99
8.75; 0.99
8.75; 0.99
8.75; 0.99
8.75; 1.00
8.75; 1.00
8.75; 1.00
8.75; 1.00
8.75; 1.00
8.75; 1.00
8.75; 1.00
8.75; 1.00
8.75; 1.00
8.75; 1.00
8.75; 1.00
8.75; 1.00
8.75; 1.00
8.75; 1.00
