,index,address
0,2001:948:2:29::3,114426
1,2001:a60:91d6:1::4,33409
2,2607:3180:a000:3::a,33242
3,2a02:c7a:8000:fe07::3,28884
4,2401:7400:8888:32::2,25666
5,2607:fe28:0:1206::2,25208
6,2001:888:2000:80::4,22650
7,2001:888:2000:80::3,22333
8,2a00:86c0:1046:1046::140,22302
9,2001:888:2000:81::4,21919
10,2001:888:2000:81::3,21730
11,2a00:86c0:2017:2017::134,20283
12,2001:1620:2777:49::2,20057
13,2a02:c7a:8000:fe07::2,19768
14,2607:c000:1:1401::2,19676
15,2a00:86c0:2017:2017::136,19355
16,2406:e000:204:4::2,19260
17,2a00:86c0:118:118::146,18949
18,2001:1620:2777:48::2,18321
19,2a00:86c0:109:109::168,16979
20,2a00:86c0:2017:2017::133,16681
21,2a00:86c0:a2a6::148,16225
22,2a00:86c0:2017:2017::135,16007
23,2a00:86c0:a2a7::143,16006
24,2a00:86c0:a2a7::147,14806
25,2001:888:2000:80::2,14695
26,2a00:86c0:108:108::239,14651
27,2a00:86c0:a2a6::147,12805
28,2a00:86c0:a2a6::149,12156
29,2a04:983:c00:202::1,12064
30,2a02:c7a:8000:1904::4,11954
31,2607:f060:c013:2::2,11676
32,2607:f0c8:8000:4::15,11547
33,2001:948:2:28::3,11546
34,2a00:86c0:a2a7::141,11495
35,2607:f0c8:8000:4::14,11190
36,2a00:86c0:a2a6::144,10992
37,2001:44b8:a010:f::2,10954
38,2a02:c7a:8000:1904::2,10800
39,2a02:c7a:8000:1904::3,10758
40,2001:44b8:a010:c::2,10407
41,2a00:86c0:a2a6::141,10134
42,2a00:86c0:2016:2016::134,9996
43,2a00:86c0:a2a6::145,9652
44,2607:f060:c013:3::2,9651
45,2a00:86c0:a2a7::148,9475
46,2a00:86c0:a2a7::144,9237
47,2a00:86c0:2016:2016::135,9064
48,2a00:1598:bb2:bb2::66:2,9037
49,2a00:86c0:2016:2016::133,8925
50,2a00:86c0:a2a7::146,8726
51,2a00:1598:bb2:bb2::67:2,8704
52,2a00:86c0:a2a7::140,8370
53,2a00:86c0:a2a7::142,8285
54,2406:e000:204:4::3,8207
55,2607:f060:c011:1::2,7942
56,2a00:86c0:117:117::203,7903
57,2a00:86c0:119:119::156,7849
58,2607:f060:c011:2::2,7837
59,2a00:86c0:a2a7::145,7781
60,2001:bb0:100:11::2,7774
61,2a00:86c0:2016:2016::136,7364
62,2404:440c:2:2906::4,7224
63,2a02:2788:fdf0:11::2,7149
64,2a02:a000:1:212::2:a,7142
65,2001:bb0:100:14::2,7129
66,2001:bb0:100:16::2,7088
67,2a00:86c0:114:114::136,7049
68,2a02:2788:fdf0:11::3,6833
69,2a00:86c0:116:116::200,6705
70,2607:f0c8:8000:4::12,6676
71,2401:7400:8888:31::2,6579
72,2607:f0c8:8000:4::11,6538
73,2a00:86c0:119:119::157,6455
74,2a02:c7a:8000:fe07::4,6432
75,2a00:86c0:119:119::155,6196
76,2607:f0c8:8000:4::13,6179
77,2a02:a000:1:212::1:a,6078
78,2a01:798:0:17::1b,5986
79,2a00:86c0:115:115::159,5867
80,2a01:798:0:17::1d,5830
81,2a02:a000:1:212::2:2,5772
82,2a02:a000:1:212::2:e,5645
83,2a00:86c0:a2a6::142,5640
84,2a02:a000:1:212::1:6,5512
85,2a01:798:0:17::5,5408
86,2a00:86c0:a2a6::143,5335
87,2a02:a000:1:212::1:e,5296
88,2a04:983:c00:204::1,5141
89,2a04:983:c00:203::1,5076
90,2a00:86c0:115:115::137,5042
91,2a00:86c0:a2a6::146,4925
92,2a01:798:0:17::11,4853
93,2a02:a000:1:212::2:6,4845
94,2a00:86c0:a2a6::140,4840
95,2a01:798:0:17::13,4814
96,2a00:86c0:114:114::147,4710
97,2a00:86c0:1002:1002::145,4709
98,2a00:86c0:116:116::168,4665
99,2a00:86c0:1047:1047::138,4511
100,2a01:798:0:17::3,4507
101,2a00:86c0:116:116::167,4475
102,2a00:86c0:1047:1047::143,4424
103,2a00:86c0:2004:2004::131,4358
104,2a00:86c0:1047:1047::144,4352
105,2a00:86c0:1002:1002::178,4351
106,2a00:86c0:1047:1047::135,4341
107,2001:bb0:100:15::2,4290
108,2a00:86c0:2004:2004::130,4281
109,2a00:86c0:2005:2005::132,4267
110,2a00:86c0:2005:2005::131,4158
111,2a00:86c0:115:115::151,4119
112,2a00:86c0:2005:2005::130,4051
113,2a00:86c0:114:114::145,4014
114,2a00:86c0:115:115::161,3949
115,2a00:86c0:1002:1002::143,3946
116,2a00:86c0:114:114::140,3906
117,2a00:86c0:114:114::153,3879
118,2a00:86c0:1047:1047::139,3764
119,2a00:86c0:115:115::155,3745
120,2a00:86c0:2014:2014::134,3673
121,2a00:86c0:1047:1047::141,3672
122,2a00:86c0:1002:1002::176,3601
123,2a00:86c0:1047:1047::140,3584
124,2620:10c:700e:f19::236,3578
125,2a00:86c0:117:117::168,3561
126,2001:bb0:100:12::2,3506
127,2a00:86c0:1003:1003::175,3437
128,2a00:86c0:117:117::167,3421
129,2a00:86c0:2044:2044::133,3322
130,2a00:86c0:2014:2014::133,3319
131,2620:10c:700f:4487::148,3297
132,2a00:86c0:118:118::156,3278
133,2620:10c:700f:4487::142,3270
134,2a00:86c0:2015:2015::136,3242
135,2a00:86c0:1047:1047::136,3224
136,2a00:86c0:1003:1003::177,3201
137,2a00:86c0:2014:2014::135,3184
138,2a00:86c0:118:118::158,3161
139,2a00:86c0:114:114::160,3131
140,2607:f2c0:1:3:0:ae3:3233:244,3113
141,2a00:86c0:117:117::200,3096
142,2a00:86c0:115:115::164,3090
143,2a00:86c0:114:114::156,3085
144,2a00:86c0:1002:1002::154,3067
145,2a00:86c0:115:115::147,3043
146,2a00:86c0:2015:2015::135,3033
147,2a00:86c0:2045:2045::130,3016
148,2620:10c:700f:4487::209,3013
149,2a00:86c0:2015:2015::133,2991
150,2a00:86c0:114:114::155,2979
151,2620:10c:700f:4487::169,2958
152,2a00:86c0:2021:2021::136,2952
153,2a00:86c0:115:115::160,2929
154,2a00:86c0:115:115::149,2882
155,2a00:86c0:114:114::142,2863
156,2a00:86c0:1029:1029::130,2851
157,2a00:86c0:114:114::139,2838
158,2a00:86c0:117:117::156,2820
159,2a00:86c0:1047:1047::142,2819
160,2a00:86c0:117:117::158,2816
161,2a00:86c0:115:115::141,2812
162,2a00:86c0:115:115::143,2798
163,2a00:86c0:2004:2004::133,2789
164,2a00:86c0:2045:2045::132,2766
165,2001:1700:b00:1::4,2746
166,2a00:86c0:115:115::136,2739
167,2a00:86c0:1002:1002::155,2738
168,2a00:86c0:115:115::144,2715
169,2a00:86c0:1002:1002::174,2715
170,2a00:86c0:a2a7::149,2708
171,2a00:86c0:2044:2044::135,2680
172,2a00:86c0:2024:2024::137,2676
173,2a00:86c0:2045:2045::134,2670
174,2a00:86c0:2044:2044::139,2664
175,2a00:86c0:1029:1029::136,2647
176,2a00:86c0:2004:2004::132,2624
177,2a00:86c0:2025:2025::140,2624
178,2607:f2c0:1:3:0:ae3:3233:248,2622
179,2a00:86c0:2045:2045::139,2619
180,2a00:86c0:2014:2014::136,2612
181,2a00:86c0:1002:1002::167,2608
182,2a00:86c0:2044:2044::137,2605
183,2a00:86c0:2015:2015::134,2596
184,2a00:86c0:2021:2021::135,2569
185,2620:10c:700f:4487::179,2565
186,2a00:86c0:116:116::158,2559
187,2a00:86c0:2045:2045::136,2558
188,2a00:86c0:2044:2044::131,2554
189,2a00:86c0:2014:2014::142,2544
190,2a00:86c0:1002:1002::175,2540
191,2a00:86c0:1003:1003::149,2539
192,2a00:86c0:115:115::152,2534
193,2a00:86c0:2045:2045::138,2530
194,2a00:86c0:1002:1002::177,2511
195,2a00:86c0:2045:2045::137,2507
196,2a00:86c0:116:116::156,2507
197,2a00:86c0:2021:2021::134,2503
198,2a00:86c0:1002:1002::179,2499
199,2a00:86c0:1029:1029::133,2498
200,2001:1700:b00:1::3,2489
201,2a00:86c0:2044:2044::132,2488
202,2a00:86c0:2025:2025::138,2467
203,2a00:86c0:2026:2026::152,2464
204,2a00:86c0:2024:2024::141,2461
205,2a00:86c0:115:115::146,2461
206,2a00:86c0:2044:2044::134,2449
207,2a00:86c0:2045:2045::135,2430
208,2a00:86c0:117:117::157,2430
209,2a00:86c0:2021:2021::133,2419
210,2a00:86c0:1029:1029::134,2410
211,2a00:86c0:1029:1029::131,2408
212,2a00:86c0:1003:1003::153,2402
213,2a00:86c0:2044:2044::130,2385
214,2a00:86c0:2024:2024::136,2377
215,2a00:86c0:1029:1029::137,2372
216,2a00:86c0:115:115::150,2361
217,2a00:86c0:116:116::159,2357
218,2a00:86c0:1002:1002::146,2339
219,2a00:86c0:2045:2045::133,2339
220,2a00:86c0:115:115::138,2333
221,2a00:86c0:1029:1029::132,2333
222,2a00:86c0:114:114::137,2333
223,2a00:86c0:114:114::154,2322
224,2a00:86c0:1029:1029::139,2308
225,2a00:86c0:2045:2045::140,2298
226,2a02:fe0:1:570:323:4:27:202,2296
227,2a00:86c0:1003:1003::178,2286
228,2a00:86c0:116:116::155,2282
229,2a00:86c0:114:114::163,2282
230,2a00:86c0:1045:1045::139,2252
231,2a00:86c0:2015:2015::142,2244
232,2a00:86c0:2044:2044::138,2235
233,2a00:86c0:1012:1012::152,2229
234,2a00:86c0:115:115::158,2228
235,2a00:86c0:2026:2026::151,2214
236,2a00:86c0:2044:2044::140,2188
237,2a00:86c0:115:115::148,2186
238,2a00:86c0:1003:1003::179,2184
239,2001:1700:f00:2::4,2183
240,2a00:86c0:117:117::159,2177
241,2a00:86c0:115:115::163,2174
242,2a00:86c0:1045:1045::137,2173
243,2a00:86c0:1003:1003::174,2172
244,2a00:86c0:114:114::141,2166
245,2a00:86c0:114:114::164,2156
246,2a00:86c0:2027:2027::150,2144
247,2a00:86c0:c370:3c::159,2143
248,2a00:86c0:1013:1013::173,2142
249,2607:f2c0:1:3:0:ae3:3233:247,2142
250,2a00:86c0:2025:2025::141,2136
251,2a00:86c0:115:115::135,2128
252,2a00:86c0:2024:2024::135,2127
253,2001:1700:f00:2::3,2121
254,2a00:86c0:115:115::154,2113
255,2a00:86c0:116:116::163,2106
256,2620:10c:700f:4487::200,2104
257,2a00:86c0:2025:2025::137,2101
258,2a00:86c0:1003:1003::176,2100
259,2001:4600:9:303::1:d02e,2095
260,2a00:86c0:1028:1028::139,2093
261,2a00:86c0:2024:2024::138,2086
262,2a00:86c0:114:114::159,2076
263,2a00:86c0:2044:2044::136,2066
264,2a00:86c0:2024:2024::142,2064
265,2001:4600:9:303::1:d03a,2063
266,2a00:86c0:1003:1003::158,2061
267,2001:4600:9:303::2:d026,2060
268,2a00:86c0:114:114::157,2060
269,2a00:86c0:2027:2027::148,2051
270,2a00:86c0:114:114::151,2037
271,2a00:86c0:1028:1028::137,2037
272,2a00:86c0:2025:2025::135,2031
273,2607:f2c0:1:3:0:ae3:3233:246,2027
274,2a00:86c0:115:115::157,2025
275,2620:10c:700f:4487::178,2021
276,2a00:86c0:2027:2027::152,2018
277,2001:4600:9:303::2:d03a,2009
278,2001:4600:9:303::1:d002,2003
279,2a00:86c0:1013:1013::165,2003
280,2a00:86c0:1029:1029::135,1999
281,2a02:fe0:1:570:323:4:27:602,1993
282,2a00:86c0:114:114::150,1983
283,2a00:86c0:114:114::158,1982
284,2a00:86c0:115:115::140,1981
285,2a00:86c0:2026:2026::149,1967
286,2001:4600:9:303::1:d00a,1965
287,2001:4600:9:303::1:d006,1965
288,2a00:86c0:2024:2024::139,1962
289,2a00:86c0:1028:1028::134,1961
290,2a00:86c0:114:114::149,1959
291,2a00:86c0:114:114::135,1955
292,2a00:86c0:116:116::165,1947
293,2a00:86c0:2024:2024::140,1943
294,2a00:86c0:109:109::241,1939
295,2a02:fe0:1:570:323:4:27:702,1935
296,2001:4600:9:303::2:d02e,1934
297,2a00:86c0:114:114::143,1933
298,2001:4600:9:303::2:d00e,1933
299,2a00:86c0:2025:2025::139,1929
300,2001:4600:9:303::1:d012,1916
301,2a00:86c0:115:115::162,1916
302,2001:4600:9:303::1:d036,1914
303,2001:4600:9:303::1:d01a,1914
304,2a00:86c0:114:114::138,1906
305,2001:4600:9:303::2:d006,1906
306,2001:4600:9:303::2:d01a,1905
307,2001:4600:9:303::1:d016,1897
308,2a00:86c0:114:114::146,1896
309,2001:4600:9:303::2:d036,1892
310,2a00:86c0:114:114::148,1887
311,2001:4600:9:303::2:d022,1884
312,2001:4600:9:303::1:d00e,1879
313,2001:4600:9:303::1:d02a,1879
314,2001:4600:9:303::1:d032,1877
315,2a00:86c0:114:114::161,1875
316,2a00:86c0:1003:1003::168,1873
317,2a00:86c0:114:114::152,1865
318,2a00:86c0:1029:1029::138,1859
319,2a00:86c0:1012:1012::196,1857
320,2a02:fe0:1:570:323:4:27:502,1855
321,2001:4600:9:303::2:d012,1853
322,2a00:86c0:1050:1050::140,1847
323,2001:4600:9:303::1:d026,1843
324,2001:4600:9:303::1:d022,1843
325,2001:4600:9:303::2:d002,1834
326,2a00:86c0:2025:2025::136,1831
327,2a00:86c0:125:125::173,1830
328,2a00:86c0:115:115::139,1828
329,2001:4600:9:303::2:d032,1823
330,2001:4600:9:303::2:d00a,1801
331,2a00:86c0:114:114::144,1795
332,2001:4600:9:303::1:d01e,1792
333,2a00:86c0:1028:1028::130,1783
334,2001:4600:9:303::2:d016,1783
335,2a00:86c0:2039:2039::139,1779
336,2001:4600:9:303::2:d01e,1773
337,2a00:86c0:1011:1011::171,1772
338,2a00:86c0:1028:1028::131,1770
339,2a00:86c0:2019:2019::134,1766
340,2a00:86c0:1050:1050::141,1766
341,2a00:86c0:1028:1028::138,1763
342,2a00:86c0:1050:1050::137,1746
343,2001:4600:9:303::2:d02a,1736
344,2a00:86c0:1028:1028::132,1723
345,2a00:86c0:125:125::150,1723
346,2a00:86c0:1012:1012::148,1718
347,2a00:86c0:124:124::174,1714
348,2a00:86c0:1012:1012::202,1711
349,2a00:86c0:2025:2025::142,1703
350,2a04:983:c00:200::1,1700
351,2a00:86c0:1002:1002::152,1694
352,2a00:86c0:1015:1015::148,1680
353,2a00:86c0:1014:1014::140,1677
354,2a00:86c0:1050:1050::136,1668
355,2a00:86c0:125:125::131,1668
356,2a00:86c0:1028:1028::135,1668
357,2a00:86c0:2038:2038::136,1660
358,2a00:86c0:2019:2019::136,1645
359,2a00:86c0:1050:1050::138,1645
360,2a00:86c0:115:115::145,1638
361,2a00:86c0:117:117::155,1638
362,2a00:86c0:1050:1050::139,1624
363,2a00:86c0:114:114::162,1613
364,2a00:86c0:2038:2038::135,1608
365,2a00:86c0:2039:2039::137,1603
366,2607:f060:c013:1::2,1602
367,2a00:86c0:124:124::151,1595
368,2a00:86c0:2019:2019::133,1593
369,2a00:86c0:1050:1050::134,1586
370,2a00:86c0:1014:1014::154,1582
371,2a00:86c0:1028:1028::136,1582
372,2a00:86c0:1046:1046::137,1578
373,2a00:86c0:116:116::157,1567
374,2a00:86c0:1003:1003::170,1567
375,2a00:86c0:1003:1003::164,1565
376,2a00:86c0:1011:1011::167,1563
377,2a00:86c0:2044:2044::242,1562
378,2a00:86c0:2019:2019::135,1551
379,2a00:86c0:1046:1046::139,1529
380,2a00:86c0:1002:1002::147,1521
381,2a00:86c0:116:116::164,1510
382,2a00:86c0:124:124::171,1505
383,2a00:86c0:1046:1046::135,1492
384,2a00:86c0:118:118::157,1492
385,2a00:86c0:c370:3c::147,1491
386,2a02:fe0:1:570:323:4:27:402,1482
387,2a00:86c0:118:118::155,1473
388,2a00:86c0:1044:1044::143,1459
389,2a00:86c0:1028:1028::133,1451
390,2a00:86c0:1050:1050::135,1442
391,2a00:86c0:1003:1003::152,1439
392,2a00:86c0:117:117::163,1428
393,2a02:fe0:1:570:323:4:27:102,1426
394,2a02:fe0:1:570:323:4:27:302,1420
395,2a00:86c0:1003:1003::141,1419
396,2a00:86c0:125:125::154,1414
397,2a00:86c0:1015:1015::150,1409
398,2a00:86c0:2027:2027::142,1404
399,2a00:86c0:2027:2027::143,1400
400,2a00:86c0:2026:2026::136,1398
401,2a00:86c0:1046:1046::143,1395
402,2a00:86c0:1013:1013::158,1394
403,2a00:86c0:1015:1015::152,1391
404,2a00:86c0:1014:1014::145,1390
405,2a00:86c0:1003:1003::166,1384
406,2a00:86c0:2027:2027::145,1384
407,2a00:86c0:1015:1015::153,1379
408,2a00:86c0:1003:1003::150,1371
409,2a00:86c0:124:124::173,1356
410,2a00:86c0:1003:1003::142,1353
411,2a00:86c0:115:115::142,1341
412,2a00:86c0:2005:2005::133,1337
413,2a00:86c0:116:116::140,1336
414,2a00:86c0:1003:1003::156,1334
415,2a00:86c0:2044:2044::239,1333
416,2a00:86c0:2038:2038::140,1330
417,2a00:86c0:1044:1044::145,1319
418,2a00:86c0:1003:1003::154,1315
419,2a00:86c0:2026:2026::139,1311
420,2607:f2c0:1:3:0:ae:3247:201,1311
421,2406:e000:204::2,1306
422,2a00:86c0:1046:1046::141,1300
423,2a00:86c0:1003:1003::157,1299
424,2a00:86c0:116:116::166,1299
425,2a00:86c0:2027:2027::139,1293
426,2a00:86c0:2045:2045::131,1285
427,2a00:86c0:5:5::142,1284
428,2a00:86c0:1010:1010::168,1283
429,2620:10c:700f:4487::151,1276
430,2a00:86c0:1010:1010::160,1270
431,2a00:86c0:2038:2038::138,1262
432,2607:f2c0:1:3:0:ae:3247:198,1256
433,2a00:86c0:1003:1003::165,1253
434,2a00:86c0:1003:1003::159,1251
435,2a00:86c0:125:125::152,1245
436,2a00:86c0:2027:2027::140,1242
437,2a00:86c0:1003:1003::140,1242
438,2a00:86c0:1003:1003::171,1233
439,2a00:86c0:1014:1014::143,1224
440,2a00:86c0:2026:2026::137,1223
441,2620:10c:7005:10a9::109,1218
442,2a00:86c0:1003:1003::148,1217
443,2a00:86c0:125:125::143,1215
444,2620:10c:7005:10a9::100,1212
445,2a00:86c0:2026:2026::142,1211
446,2a00:86c0:2026:2026::144,1207
447,2607:f2c0:1:3:0:ae:3247:202,1207
448,2a00:86c0:2039:2039::146,1205
449,2a00:86c0:2026:2026::135,1200
450,2a00:86c0:115:115::156,1197
451,2a00:86c0:1003:1003::144,1190
452,2620:10c:7005:10a9::103,1190
453,2a00:86c0:1015:1015::145,1183
454,2a00:86c0:1003:1003::147,1181
455,2a00:86c0:1014:1014::153,1181
456,2620:10c:700f:4487::205,1177
457,2a00:86c0:2027:2027::138,1174
458,2607:f2c0:1:3:0:ae:3247:200,1169
459,2a00:86c0:2039:2039::136,1165
460,2a00:86c0:1010:1010::162,1163
461,2a00:86c0:2026:2026::147,1162
462,2a00:86c0:1003:1003::162,1155
463,2620:10c:7005:10a9::183,1153
464,2a00:86c0:1003:1003::169,1150
465,2a00:86c0:1003:1003::167,1148
466,2a00:86c0:1013:1013::162,1147
467,2a00:86c0:1011:1011::168,1145
468,2a00:86c0:2026:2026::146,1139
469,2a00:86c0:1010:1010::169,1137
470,2a00:86c0:1003:1003::163,1137
471,2a00:86c0:108:108::210,1137
472,2a00:86c0:1012:1012::160,1135
473,2a00:86c0:1010:1010::161,1132
474,2a00:86c0:2038:2038::144,1131
475,2a00:86c0:1011:1011::166,1130
476,2a00:86c0:2027:2027::144,1129
477,2a00:86c0:5:5::134,1123
478,2a00:86c0:110:110::159,1121
479,2607:f2c0:1:3:0:ae:3247:5,1119
480,2a00:86c0:117:117::165,1119
481,2a00:86c0:2038:2038::145,1118
482,2a00:86c0:1010:1010::163,1118
483,2a00:86c0:1003:1003::146,1117
484,2a00:86c0:1011:1011::160,1117
485,2a00:86c0:1012:1012::166,1110
486,2a00:86c0:1008:1008::160,1104
487,2620:10c:700f:4487::188,1104
488,2a00:86c0:2038:2038::141,1097
489,2a00:86c0:2027:2027::135,1092
490,2a00:86c0:2027:2027::136,1092
491,2a00:86c0:1010:1010::172,1090
492,2a00:86c0:2026:2026::143,1087
493,2a00:86c0:1011:1011::165,1081
494,2a00:86c0:2039:2039::138,1079
495,2a00:86c0:1010:1010::164,1078
496,2a00:86c0:2039:2039::143,1076
497,2a00:86c0:1011:1011::164,1073
498,2a00:86c0:124:124::136,1072
499,2a00:86c0:1045:1045::146,1064
500,2607:f2c0:1:3:0:ae:3247:4,1061
501,2a00:86c0:7002:35::209,1052
502,2a00:86c0:2039:2039::145,1043
503,2a00:86c0:1045:1045::150,1039
504,2a00:86c0:2026:2026::141,1037
505,2a00:86c0:119:119::158,1035
506,2a00:86c0:2026:2026::138,1034
507,2a00:86c0:2039:2039::141,1030
508,2a00:86c0:1003:1003::155,1023
509,2a00:86c0:1011:1011::169,1022
510,2a00:86c0:124:124::142,1020
511,2a00:86c0:2038:2038::143,1017
512,2a00:86c0:108:108::211,1014
513,2a00:86c0:2039:2039::144,1014
514,2a00:86c0:2038:2038::142,1013
515,2620:10c:7005:10a9::187,1012
516,2a00:86c0:2039:2039::135,1011
517,2a00:86c0:1015:1015::144,1002
518,2a00:86c0:1010:1010::167,1002
519,2a00:86c0:2039:2039::142,996
520,2620:10c:7005:10a9::196,993
521,2607:f2c0:1:3:0:ae:3247:199,986
522,2a00:86c0:125:125::172,983
523,2a00:86c0:2027:2027::141,976
524,2a00:86c0:1010:1010::165,973
525,2620:10c:700f:4487::185,972
526,2a00:86c0:2027:2027::137,972
527,2a00:86c0:1011:1011::161,972
528,2a00:86c0:1003:1003::145,971
529,2a00:86c0:2038:2038::146,966
530,2a00:86c0:1012:1012::151,961
531,2a00:86c0:125:125::171,960
532,2a00:86c0:125:125::151,960
533,2a00:86c0:2039:2039::140,955
534,2a00:86c0:1011:1011::172,953
535,2a00:86c0:125:125::167,951
536,2a00:86c0:124:124::144,951
537,2a00:86c0:124:124::153,948
538,2a00:86c0:2038:2038::137,944
539,2a00:86c0:1010:1010::170,943
540,2a00:86c0:1003:1003::151,938
541,2a00:86c0:111:111::149,934
542,2a00:86c0:124:124::132,933
543,2a00:86c0:108:108::240,932
544,2a00:86c0:108:108::221,928
545,2a00:86c0:1003:1003::143,927
546,2a00:86c0:7002:35::199,925
547,2a00:86c0:1014:1014::147,920
548,2620:10c:7003:f18::188,919
549,2a00:86c0:1002:1002::156,918
550,2a00:86c0:115:115::153,912
551,2a00:86c0:1014:1014::151,910
552,2a00:86c0:1011:1011::163,910
553,2a00:86c0:108:108::212,908
554,2a00:86c0:2045:2045::210,901
555,2a00:86c0:119:119::150,898
556,2a00:86c0:2026:2026::145,896
557,2a00:86c0:2027:2027::146,895
558,2a00:86c0:111:111::161,894
559,2a00:86c0:1014:1014::150,894
560,2620:10c:700f:4487::139,894
561,2a00:86c0:2038:2038::139,889
562,2a00:86c0:2027:2027::147,887
563,2a00:86c0:125:125::147,885
564,2a00:86c0:1009:1009::168,885
565,2a00:86c0:125:125::153,883
566,2a00:86c0:1015:1015::140,882
567,2a00:86c0:1046:1046::142,880
568,2a00:86c0:125:125::133,879
569,2a00:86c0:1011:1011::162,878
570,2a00:86c0:1002:1002::142,877
571,2a00:86c0:1012:1012::206,873
572,2a00:86c0:1014:1014::148,873
573,2a00:86c0:1014:1014::142,871
574,2a00:86c0:1002:1002::148,865
575,2a00:86c0:1002:1002::141,865
576,2a00:86c0:1002:1002::160,864
577,2a00:86c0:1046:1046::144,861
578,2620:10c:700f:4487::210,861
579,2a00:86c0:124:124::148,861
580,2a00:86c0:125:125::170,859
581,2a00:86c0:1015:1015::149,856
582,2a00:86c0:117:117::164,855
583,2a00:86c0:1014:1014::149,844
584,2a00:86c0:108:108::163,843
585,2a00:86c0:1014:1014::152,843
586,2620:10c:7003:f18::178,843
587,2a00:86c0:125:125::148,833
588,2a00:86c0:1013:1013::195,828
589,2a00:86c0:1014:1014::144,824
590,2a00:86c0:1012:1012::199,823
591,2a00:86c0:1013:1013::196,822
592,2a00:86c0:1014:1014::146,822
593,2a00:86c0:117:117::166,822
594,2620:10c:7005:10a9::69,822
595,2a00:86c0:1046:1046::138,821
596,2a00:86c0:1015:1015::141,821
597,2a00:86c0:125:125::146,817
598,2a00:86c0:2027:2027::155,816
599,2a00:86c0:1002:1002::164,815
600,2a00:86c0:124:124::149,814
601,2a00:86c0:119:119::152,811
602,2a00:86c0:1012:1012::145,809
603,2a00:86c0:1002:1002::149,806
604,2406:e000:204:2::2,805
605,2a00:86c0:2045:2045::211,803
606,2a00:86c0:1002:1002::162,803
607,2a00:86c0:125:125::145,798
608,2a00:86c0:1013:1013::208,797
609,2a00:86c0:1015:1015::147,794
610,2a00:86c0:1002:1002::140,779
611,2a00:86c0:1002:1002::151,775
612,2a00:86c0:1015:1015::143,774
613,2a00:86c0:125:125::174,771
614,2a00:86c0:124:124::150,770
615,2a00:86c0:1002:1002::144,765
616,2a00:86c0:1011:1011::170,765
617,2a00:86c0:124:124::154,765
618,2a00:86c0:110:110::164,763
619,2a00:86c0:1015:1015::146,762
620,2a00:86c0:1046:1046::136,762
621,2a00:86c0:124:124::147,759
622,2a00:86c0:1002:1002::171,757
623,2a00:86c0:2026:2026::164,757
624,2a00:86c0:125:125::149,755
625,2a00:86c0:124:124::170,754
626,2a00:86c0:1044:1044::141,753
627,2a00:86c0:124:124::146,744
628,2a00:86c0:124:124::152,744
629,2a00:86c0:1002:1002::168,742
630,2a00:86c0:119:119::148,738
631,2a00:86c0:1044:1044::147,735
632,2a00:86c0:111:111::150,730
633,2a00:86c0:1013:1013::209,725
634,2a00:86c0:2027:2027::163,722
635,2a00:86c0:2026:2026::161,717
636,2a00:86c0:c370:3c::151,715
637,2a00:86c0:124:124::172,715
638,2a00:86c0:110:110::165,711
639,2a00:86c0:c371:3d::151,707
640,2a00:86c0:1013:1013::199,707
641,2a00:86c0:127:127::166,707
642,2a00:86c0:126:126::161,707
643,2a00:86c0:108:108::168,707
644,2620:10c:7005:10a9::205,707
645,2a00:86c0:1044:1044::148,706
646,2620:10c:700f:4487::143,706
647,2a00:86c0:111:111::148,706
648,2620:10c:7005:10a9::217,705
649,2a00:86c0:1013:1013::144,701
650,2a00:86c0:2027:2027::149,700
651,2a00:86c0:1015:1015::151,699
652,2a00:86c0:1044:1044::135,699
653,2a00:86c0:110:110::151,699
654,2a00:86c0:1001:1059::176,699
655,2a00:86c0:1013:1013::202,695
656,2a00:86c0:109:109::166,692
657,2a00:86c0:1002:1002::153,689
658,2a00:86c0:109:109::167,689
659,2a00:86c0:1012:1012::207,687
660,2a00:86c0:1002:1002::166,687
661,2a00:86c0:2027:2027::158,684
662,2620:10c:7005:10a9::218,680
663,2a00:86c0:1012:1012::198,678
664,2a00:86c0:c370:3c::154,670
665,2a00:86c0:1002:1002::150,668
666,2a00:86c0:1013:1013::203,668
667,2a00:86c0:1012:1012::208,667
668,2a00:86c0:116:116::144,666
669,2a00:86c0:1044:1044::150,666
670,2620:10c:700f:4487::184,665
671,2a00:86c0:2026:2026::166,662
672,2a00:86c0:c371:3d::148,654
673,2a00:86c0:1012:1012::194,649
674,2a00:86c0:1013:1013::204,648
675,2a00:86c0:1044:1044::144,648
676,2a00:23a0:1e1:d::3,648
677,2a00:86c0:1002:1002::165,647
678,2a00:86c0:2027:2027::157,647
679,2a00:86c0:1013:1013::194,645
680,2a00:23a0:1e1:5::3,641
681,2a00:86c0:2027:2027::162,641
682,2a00:86c0:109:109::212,640
683,2a00:86c0:c371:3d::159,638
684,2a00:86c0:1044:1044::139,637
685,2001:1291:0:170::b,632
686,2a00:86c0:2026:2026::157,631
687,2a00:86c0:c370:3c::157,630
688,2a00:86c0:c371:3d::150,629
689,2a00:86c0:1015:1015::142,628
690,2a00:86c0:1013:1013::206,627
691,2a00:86c0:1012:1012::211,627
692,2a00:86c0:119:119::142,627
693,2a00:86c0:1012:1012::197,625
694,2a00:86c0:1002:1002::159,624
695,2a00:23a0:1e1:b::3,624
696,2a00:86c0:1013:1013::198,621
697,2a00:86c0:2027:2027::151,620
698,2a00:86c0:1044:1044::138,620
699,2a00:86c0:1009:1009::170,620
700,2a00:86c0:1013:1013::210,620
701,2a00:86c0:1013:1013::211,619
702,2a00:86c0:1013:1013::205,618
703,2a00:86c0:1015:1015::154,615
704,2a00:86c0:c371:3d::158,611
705,2a00:86c0:1013:1013::207,611
706,2a00:86c0:1012:1012::200,611
707,2a00:86c0:1013:1013::152,607
708,2a00:86c0:2026:2026::159,607
709,2a00:86c0:c371:3d::154,603
710,2a00:86c0:1012:1012::133,601
711,2a00:86c0:119:119::141,599
712,2a00:23a0:1e1:a::3,595
713,2a00:23a0:1e1:7::3,592
714,2a00:86c0:1013:1013::200,592
715,2001:1291:0:16f::b,590
716,2620:10c:700f:4487::164,588
717,2a00:86c0:c370:3c::158,587
718,2a02:c7a:8000:1a04::4,587
719,2a00:86c0:99:af::145,581
720,2a00:86c0:1012:1012::195,580
721,2a00:86c0:111:111::153,580
722,2a00:86c0:124:124::163,580
723,2a00:86c0:110:110::152,579
724,2a00:86c0:1013:1013::197,577
725,2a00:86c0:1044:1044::149,576
726,2a00:86c0:1044:1044::137,576
727,2a00:86c0:2026:2026::150,575
728,2a00:23a0:1e1:c::3,574
729,2a00:86c0:1012:1012::201,573
730,2a00:86c0:117:117::148,573
731,2001:1291:0:171::b,573
732,2a00:86c0:4:4::141,572
733,2a00:86c0:124:124::145,570
734,2a00:86c0:1045:1045::148,570
735,2a00:23a0:1e1:f::3,569
736,2a00:86c0:117:117::142,569
737,2a00:86c0:2026:2026::156,569
738,2a00:86c0:1027:1027::133,569
739,2a00:23a0:1e1:9::3,564
740,2620:10c:700f:4487::197,563
741,2620:10c:700f:4487::206,560
742,2a00:86c0:c371:3d::156,556
743,2620:10c:700f:4487::156,556
744,2a00:86c0:2000:2000::142,554
745,2a00:86c0:2000:2000::138,553
746,2620:10c:7005:10a9::194,552
747,2a00:86c0:2000:2000::145,551
748,2a00:86c0:109:109::130,551
749,2a02:c7a:8000:1a04::3,547
750,2a00:86c0:2026:2026::140,547
751,2620:10c:700f:4487::162,546
752,2620:10c:7005:10a9::180,545
753,2a00:86c0:2026:2026::148,545
754,2a00:86c0:c370:3c::148,545
755,2a00:86c0:1027:1027::135,544
756,2a00:86c0:2026:2026::154,543
757,2a00:86c0:119:119::143,542
758,2a02:c7a:8000:1a04::2,542
759,2a00:86c0:c371:3d::152,542
760,2a00:86c0:1002:1002::170,541
761,2620:10c:700f:4487::194,540
762,2a00:86c0:1045:1045::138,539
763,2a00:86c0:600:96::136,539
764,2a00:86c0:126:126::165,539
765,2a00:86c0:1013:1013::201,537
766,2a00:86c0:1009:1009::165,535
767,2a00:86c0:c370:3c::149,535
768,2620:10c:700f:4487::203,532
769,2a00:86c0:110:110::158,532
770,2a00:86c0:2027:2027::160,531
771,2a00:86c0:1027:1027::138,531
772,2620:10c:7005:10a9::89,530
773,2a00:86c0:111:111::155,530
774,2a00:86c0:98:ae::211,530
775,2a00:86c0:1027:1027::131,529
776,2a00:86c0:c370:3c::152,527
777,2a00:86c0:126:126::158,527
778,2a00:86c0:124:124::130,526
779,2a00:86c0:111:111::159,524
780,2a00:86c0:c371:3d::157,523
781,2a00:86c0:c370:3c::146,519
782,2620:10c:700f:4487::163,518
783,2a00:86c0:1044:1044::146,517
784,2620:10c:7005:10a9::93,515
785,2620:10c:7005:10a9::211,515
786,2a00:86c0:1010:1010::171,514
787,2607:f2c0:1:3:0:ae:3247:193,514
788,2620:10c:700f:4487::154,513
789,2a00:86c0:111:111::152,513
790,2a00:86c0:1044:1044::134,513
791,2a00:86c0:111:111::163,513
792,2a00:86c0:2000:2000::139,512
793,2a00:86c0:1044:1044::136,511
794,2a00:86c0:1012:1012::209,511
795,2a00:86c0:124:124::155,509
796,2a00:23a0:1e1:8::3,508
797,2a00:86c0:1017:1017::158,507
798,2a00:23a0:1e1:6::3,504
799,2a00:86c0:2062:2062::165,504
800,2620:10c:700f:4487::181,503
801,2a00:86c0:1008:1008::172,502
802,2620:10c:700f:4487::174,502
803,2a00:86c0:2027:2027::153,502
804,2a00:86c0:2000:2000::147,500
805,2620:10c:700f:4487::187,500
806,2a00:86c0:c370:3c::150,500
807,2a00:86c0:2027:2027::165,499
808,2a00:86c0:4:4::135,499
809,2a00:86c0:124:124::134,497
810,2a00:86c0:2000:2000::143,496
811,2a00:86c0:111:111::156,495
812,2a00:86c0:1001:1059::150,494
813,2620:10c:700f:4487::171,493
814,2a00:86c0:1054:1054::140,492
815,2a00:86c0:2000:2000::148,491
816,2a00:86c0:276:80::177,491
817,2620:10c:7005:10a9::214,490
818,2620:10c:700f:4487::170,489
819,2620:10c:700f:4487::168,489
820,2a00:86c0:c371:3d::149,487
821,2a04:983:c00:201::1,487
822,2a00:86c0:c371:3d::155,487
823,2a00:86c0:124:124::139,486
824,2a00:86c0:125:125::159,484
825,2620:10c:700f:4487::202,482
826,2a00:86c0:c370:3c::155,478
827,2a00:86c0:1026:1026::133,477
828,2a00:86c0:1027:1027::134,476
829,2620:10c:7005:10a9::189,476
830,2a00:86c0:124:124::160,475
831,2620:10c:7005:10a9::213,475
832,2a00:86c0:4:4::142,475
833,2a00:86c0:c371:3d::146,474
834,2a00:86c0:1002:1002::161,473
835,2620:10c:700f:4487::176,473
836,2a00:86c0:1012:1012::205,472
837,2a00:86c0:1027:1027::132,471
838,2a00:23a0:1e1:4::3,470
839,2a00:86c0:2063:2063::159,470
840,2a00:86c0:1026:1026::135,469
841,2a00:86c0:1013:1013::172,468
842,2620:10c:700f:4487::183,467
843,2a00:86c0:124:124::167,465
844,2620:10c:700f:4487::198,464
845,2620:10c:700f:4487::204,462
846,2a00:86c0:2000:2000::149,462
847,2a00:86c0:1027:1027::139,459
848,2a00:86c0:5:5::141,458
849,2a00:86c0:1012:1012::143,458
850,2a00:86c0:600:96::145,458
851,2a00:86c0:1054:1054::137,457
852,2620:10c:700f:4487::196,457
853,2620:10c:700f:4487::182,457
854,2a00:86c0:1002:1002::169,456
855,2a00:86c0:108:108::219,456
856,2a00:86c0:125:125::165,456
857,2a00:86c0:c371:3d::147,455
858,2a00:86c0:1044:1044::140,454
859,2001:1291:400:14::b,451
860,2a00:86c0:2000:2000::137,450
861,2a00:86c0:2045:2045::200,450
862,2a00:86c0:2000:2000::140,450
863,2620:10c:7005:10a9::91,450
864,2a00:86c0:c371:3d::153,448
865,2a00:86c0:110:110::156,447
866,2620:10c:700f:4487::207,447
867,2a00:86c0:1013:1013::145,447
868,2a00:86c0:110:110::148,447
869,2607:f060:c013::2,444
870,2620:10c:700f:4487::173,443
871,2a00:86c0:2000:2000::136,442
872,2a00:86c0:126:126::150,442
873,2620:10c:700f:4487::167,442
874,2a00:86c0:111:111::162,442
875,2620:10c:700f:4487::161,439
876,2a00:86c0:4:4::130,437
877,2a00:86c0:1012:1012::171,437
878,2a00:86c0:2062:2062::159,435
879,2607:f2c0:1:3:0:ae3:3233:249,435
880,2a00:86c0:1027:1027::130,435
881,2620:10c:700f:4487::155,434
882,2a00:23a0:27:5::3,434
883,2a00:86c0:1013:1013::168,433
884,2620:10c:700f:4487::159,433
885,2a00:86c0:110:110::153,433
886,2620:10c:700f:4487::152,432
887,2a00:86c0:1008:1008::168,430
888,2a00:86c0:1012:1012::135,429
889,2620:10c:700f:4487::191,428
890,2a00:86c0:99:af::199,428
891,2a00:86c0:1008:1008::154,427
892,2620:10c:7005:10a9::94,427
893,2a00:86c0:98:ae::215,425
894,2a00:86c0:99:af::144,424
895,2a00:86c0:2000:2000::144,423
896,2a00:86c0:2000:2000::135,423
897,2a00:86c0:1026:1026::132,422
898,2620:10c:700f:4487::157,422
899,2620:10c:700f:4487::199,421
900,2a00:86c0:110:110::154,420
901,2a00:86c0:108:108::218,420
902,2620:10c:7005:10a9::73,420
903,2a00:86c0:1009:1009::162,419
904,2620:10c:7005:10a9::70,418
905,2607:f2c0:1:3:0:ae:3247:203,417
906,2a00:86c0:600:96::162,417
907,2607:f2c0:1:3:0:ae3:3233:254,416
908,2a00:86c0:110:110::163,416
909,2a00:86c0:109:109::160,416
910,2a00:23a0:27:4::3,416
911,2a00:86c0:1003:1003::161,415
912,2620:10c:700f:4487::201,415
913,2620:10c:7005:10a9::116,414
914,2620:10c:700f:4487::195,414
915,2620:10c:700f:4487::166,414
916,2607:f2c0:1:3:0:ae3:3233:252,414
917,2a00:86c0:601:97::176,413
918,2a00:86c0:4:4::139,412
919,2a00:86c0:4:4::131,411
920,2607:f2c0:1:3:0:ae3:3233:253,411
921,2620:10c:700e:f19::207,410
922,2a00:86c0:1045:1045::147,410
923,2a00:86c0:127:127::175,409
924,2a00:86c0:1013:1013::167,409
925,2607:f2c0:1:3:0:ae:3247:205,409
926,2a00:86c0:1010:1010::166,409
927,2620:10c:700f:4487::208,408
928,2620:10c:700f:4487::180,407
929,2620:10c:7005:10a9::105,407
930,2a00:86c0:1045:1045::142,407
931,2a00:86c0:c370:3c::145,406
932,2a00:86c0:125:125::164,406
933,2a00:86c0:1009:1009::169,405
934,2a00:86c0:111:111::164,405
935,2a00:86c0:125:125::162,405
936,2a00:86c0:1026:1026::134,404
937,2620:10c:700f:4487::189,404
938,2a00:86c0:1013:1013::147,401
939,2a04:ae39:202:7::2,400
940,2a00:86c0:124:124::161,400
941,2620:10c:700f:4487::172,399
942,2a00:86c0:126:126::176,399
943,2620:10c:700f:4487::192,399
944,2620:10c:700f:4487::186,399
945,2a00:86c0:1026:1026::139,398
946,2a00:86c0:98:ae::202,397
947,2a00:86c0:2013:2013::139,397
948,2a00:86c0:118:118::149,396
949,2a00:86c0:1027:1027::136,396
950,2a00:86c0:4:4::84,395
951,2a00:86c0:1008:1008::169,395
952,2a00:86c0:4:4::143,395
953,2a00:86c0:c371:3d::145,393
954,2a00:86c0:1026:1026::137,393
955,2a00:86c0:119:119::166,393
956,2a00:86c0:1026:1026::131,392
957,2a00:86c0:c370:3c::156,392
958,2a00:86c0:127:127::146,392
959,2a00:86c0:4:4::138,391
960,2a00:86c0:1009:1009::164,390
961,2620:10c:7005:10a9::72,390
962,2a00:86c0:2045:2045::223,390
963,2a00:86c0:113:ae::159,390
964,2a00:86c0:110:110::162,390
965,2a00:86c0:1012:1012::156,390
966,2a00:23a0:27:3::3,390
967,2a00:86c0:1012:1012::210,390
968,2620:10c:7005:10a9::95,390
969,2a00:86c0:126:126::173,387
970,2620:10c:700f:4487::177,387
971,2a00:86c0:4:4::137,387
972,2a00:86c0:1026:1026::130,387
973,2620:10c:7005:10a9::111,387
974,2a00:86c0:124:124::133,387
975,2620:10c:700f:4487::160,386
976,2620:10c:7004:1239::97,386
977,2620:10c:700f:4487::190,384
978,2a00:86c0:4:4::144,383
979,2620:10c:700f:4487::175,383
980,2a00:86c0:1012:1012::170,383
981,2a00:86c0:127:127::178,382
982,2a00:86c0:118:118::143,382
983,2a00:86c0:112:ae::146,381
984,2a00:86c0:7002:35::194,381
985,2a00:86c0:124:124::141,381
986,2620:10c:7005:10a9::75,380
987,2a00:86c0:111:111::154,380
988,2620:10c:7005:10a9::204,379
989,2607:f2c0:1:3:0:ae:3247:204,379
990,2a00:86c0:1012:1012::141,379
991,2a00:86c0:1008:1008::155,378
992,2a00:86c0:1054:1054::142,378
993,2620:10c:700f:4487::158,378
994,2a00:86c0:4:4::140,377
995,2a00:86c0:1012:1012::137,376
996,2620:10c:7005:10a9::107,376
997,2a00:86c0:118:118::145,375
998,2620:10c:700a:11ca::207,375
999,2a00:86c0:4:4::134,375
1000,2a00:86c0:108:108::135,374
1001,2a00:86c0:4:4::136,374
1002,2a00:86c0:111:111::165,374
1003,2a00:86c0:127:127::140,374
1004,2620:10c:7002:22::229,372
1005,2a00:86c0:1013:1013::130,372
1006,2a00:86c0:1045:1045::145,372
1007,2a00:86c0:1008:1008::150,370
1008,2607:f2c0:1:3:0:ae3:3233:251,370
1009,2a00:86c0:124:124::164,369
1010,2620:10c:700f:4487::193,369
1011,2620:10c:7005:10a9::206,368
1012,2a00:86c0:2020:2020::134,368
1013,2a00:86c0:1012:1012::169,368
1014,2a00:86c0:109:109::161,368
1015,2a00:86c0:1013:1013::159,368
1016,2a00:86c0:1054:1054::138,368
1017,2620:10c:7002:22::205,367
1018,2620:10c:700f:4487::153,367
1019,2a00:86c0:124:124::166,366
1020,2a00:86c0:99:af::136,365
1021,2a00:86c0:2020:2020::133,365
1022,2a00:86c0:1045:1045::143,365
1023,2a00:86c0:1012:1012::161,364
1024,2a00:86c0:126:126::177,364
1025,2a00:86c0:98:ae::146,363
1026,2a00:86c0:108:108::223,362
1027,2a00:86c0:1008:1008::159,361
1028,2a00:86c0:1012:1012::131,361
1029,2a00:86c0:127:127::150,361
1030,2a00:86c0:119:119::149,360
1031,2a00:86c0:1012:1012::204,358
1032,2a00:86c0:113:ae::132,358
1033,2a00:86c0:1009:1009::147,358
1034,2a00:86c0:1054:1054::141,358
1035,2a00:86c0:125:125::142,357
1036,2a00:86c0:124:124::165,356
1037,2a00:86c0:5:5::143,356
1038,2a00:86c0:113:ae::145,356
1039,2a00:86c0:1045:1045::141,356
1040,2620:10c:7005:10a9::86,355
1041,2a00:86c0:125:125::136,354
1042,2a00:86c0:1002:1002::158,354
1043,2a00:86c0:2020:2020::136,354
1044,2a00:86c0:1012:1012::173,354
1045,2a00:86c0:119:119::162,353
1046,2a00:86c0:2000:2000::141,353
1047,2a00:86c0:124:124::168,353
1048,2a00:86c0:124:124::159,353
1049,2a00:86c0:1013:1013::139,352
1050,2620:10c:7005:10a9::181,352
1051,2620:10c:700f:4487::165,352
1052,2a00:86c0:5:5::137,352
1053,2a00:86c0:1013:1013::142,351
1054,2620:10c:7005:10a9::113,351
1055,2620:10c:7005:10a9::120,351
1056,2a00:86c0:1016:1016::160,350
1057,2a00:86c0:110:110::155,350
1058,2a00:86c0:98:ae::217,350
1059,2a00:86c0:1013:1013::160,350
1060,2620:10c:7005:10a9::88,350
1061,2620:10c:7005:10a9::202,349
1062,2a00:86c0:127:127::176,348
1063,2a00:86c0:1012:1012::149,348
1064,2a00:86c0:1013:1013::146,347
1065,2a00:86c0:125:125::168,347
1066,2a00:86c0:124:124::143,345
1067,2a00:86c0:1054:1054::139,345
1068,2620:10c:7005:10a9::216,345
1069,2620:10c:7005:10a9::212,345
1070,2a00:86c0:1009:1009::161,345
1071,2a00:86c0:1012:1012::136,344
1072,2620:10c:7005:10a9::78,344
1073,2a00:86c0:119:119::145,344
1074,2a00:86c0:2063:2063::157,344
1075,2a00:86c0:601:97::130,343
1076,2a00:86c0:126:126::178,343
1077,2a00:86c0:124:124::157,343
1078,2a00:86c0:1054:1054::143,342
1079,2a00:86c0:1013:1013::169,341
1080,2a00:86c0:1013:1013::141,341
1081,2620:10c:7005:10a9::195,341
1082,2a00:86c0:2020:2020::135,341
1083,2001:5f8:7f00:8::2,339
1084,2620:10c:7005:10a9::110,339
1085,2620:10c:7005:10a9::190,338
1086,2620:10c:7005:10a9::76,338
1087,2a00:86c0:125:125::130,337
1088,2620:10c:7005:10a9::192,337
1089,2a00:86c0:116:116::146,337
1090,2a00:86c0:126:126::175,337
1091,2a00:86c0:110:110::160,336
1092,2a00:86c0:1012:1012::140,335
1093,2a00:86c0:126:126::174,335
1094,2a00:86c0:1012:1012::147,335
1095,2a00:86c0:119:119::168,334
1096,2a00:86c0:127:127::173,334
1097,2620:10c:7005:10a9::182,333
1098,2a00:86c0:110:110::157,332
1099,2a00:86c0:118:118::142,332
1100,2a00:23a0:1e1:e::3,332
1101,2620:10c:7005:10a9::198,332
1102,2620:10c:7005:10a9::114,331
1103,2a00:86c0:110:110::150,331
1104,2a00:86c0:7002:35::172,331
1105,2a00:86c0:600:96::150,331
1106,2620:10c:7005:10a9::119,330
1107,2a00:86c0:124:124::169,330
1108,2a00:86c0:1013:1013::151,329
1109,2a00:86c0:1003:1003::160,328
1110,2a00:86c0:119:119::161,327
1111,2a00:86c0:119:119::167,326
1112,2a00:86c0:111:111::157,325
1113,2620:10c:7005:10a9::112,325
1114,2a00:86c0:7002:35::192,325
1115,2a00:86c0:110:110::161,325
1116,2a00:86c0:1012:1012::139,324
1117,2620:10c:7003:f18::197,324
1118,2620:10c:7002:22::218,324
1119,2620:10c:7005:10a9::199,324
1120,2a00:86c0:1012:1012::130,324
1121,2a00:86c0:1009:1009::171,323
1122,2a00:86c0:1012:1012::162,323
1123,2620:10c:7005:10a9::186,323
1124,2a00:86c0:111:111::160,322
1125,2620:10c:7005:10a9::210,322
1126,2a00:86c0:1017:1017::207,321
1127,2a00:86c0:125:125::135,320
1128,2a00:86c0:2013:2013::140,320
1129,2a00:86c0:2059:2059::182,320
1130,2a00:86c0:125:125::158,320
1131,2a00:86c0:119:119::146,319
1132,2a00:86c0:124:124::162,319
1133,2a00:86c0:1026:1026::138,318
1134,2a00:86c0:1012:1012::154,318
1135,2620:10c:7005:10a9::208,317
1136,2a00:86c0:119:119::144,317
1137,2a00:86c0:1012:1012::167,315
1138,2a00:86c0:1013:1013::137,314
1139,2a00:86c0:1013:1013::148,314
1140,2a00:86c0:125:125::156,313
1141,2a00:86c0:127:127::177,313
1142,2620:10c:700a:11ca::191,311
1143,2a00:86c0:99:af::132,311
1144,2620:10c:7005:10a9::99,310
1145,2a00:86c0:1001:1059::163,310
1146,2a00:86c0:1045:1045::144,310
1147,2a00:86c0:1009:1009::167,310
1148,2620:10c:7005:10a9::104,310
1149,2a00:86c0:2044:2044::222,309
1150,2a00:86c0:125:125::137,307
1151,2620:10c:7005:10a9::74,306
1152,2a04:ae39:201:6::2,305
1153,2620:10c:7005:10a9::115,305
1154,2a00:86c0:124:124::137,305
1155,2a00:86c0:125:125::166,305
1156,2a00:86c0:116:116::153,304
1157,2620:10c:7005:10a9::209,304
1158,2a00:86c0:127:127::174,303
1159,2a00:86c0:1012:1012::157,303
1160,2001:1291:400:11::b,303
1161,2a00:86c0:1012:1012::146,302
1162,2620:10c:7005:10a9::207,302
1163,2001:bb0:100:17::2,301
1164,2804:548:4321::2,301
1165,2a00:86c0:1044:1044::142,301
1166,2620:10c:7005:10a9::215,300
1167,2a00:86c0:98:ae::212,300
1168,2a00:86c0:1009:1009::163,300
1169,2a00:86c0:99:af::218,300
1170,2607:f2c0:1:3:0:ae:3247:206,299
1171,2607:f2c0:1:3:0:ae3:3233:250,299
1172,2406:e000:204:1::2,299
1173,2a00:86c0:124:124::131,299
1174,2a00:86c0:119:119::140,298
1175,2a00:86c0:1045:1045::135,298
1176,2620:10c:7005:10a9::184,298
1177,2a00:86c0:124:124::156,298
1178,2620:10c:7005:10a9::188,297
1179,2a04:ae39:201:8::2,297
1180,2a00:86c0:276:80::151,296
1181,2a00:86c0:1012:1012::172,296
1182,2620:10c:7005:10a9::117,296
1183,2620:10c:7005:10a9::87,296
1184,2a00:86c0:112:ae::145,295
1185,2620:10c:7005:10a9::92,295
1186,2a00:86c0:1045:1045::149,294
1187,2a00:86c0:1012:1012::174,294
1188,2a00:86c0:124:124::140,293
1189,2a00:86c0:1013:1013::143,292
1190,2a00:86c0:125:125::132,291
1191,2a00:86c0:1008:1008::161,290
1192,2a00:86c0:125:125::144,290
1193,2a00:86c0:1013:1013::149,290
1194,2a00:86c0:1051:1051::140,290
1195,2620:10c:7005:10a9::130,290
1196,2a00:86c0:1013:1013::135,290
1197,2a00:86c0:1013:1013::150,289
1198,2a00:86c0:1012:1012::134,288
1199,2a00:86c0:1026:1026::136,288
1200,2620:10c:7002:22::210,288
1201,2a00:86c0:1002:1002::163,286
1202,2a00:86c0:1012:1012::132,286
1203,2a00:86c0:125:125::169,286
1204,2620:10c:700f:4487::134,285
1205,2620:10c:7005:10a9::97,285
1206,2a00:86c0:1013:1013::155,285
1207,2a00:86c0:1013:1013::154,285
1208,2a00:86c0:125:125::139,285
1209,2a00:86c0:1012:1012::155,284
1210,2a00:86c0:1045:1045::136,282
1211,2620:10c:700b:11cb::154,281
1212,2620:10c:7005:10a9::68,280
1213,2a00:86c0:1012:1012::144,280
1214,2620:10c:700f:4487::146,280
1215,2a00:86c0:1051:1051::137,280
1216,2a00:86c0:119:119::165,279
1217,2620:10c:7005:10a9::118,279
1218,2620:10c:7005:10a9::191,279
1219,2a00:86c0:1013:1013::134,279
1220,2a00:86c0:125:125::140,278
1221,2a00:86c0:1013:1013::132,278
1222,2a00:86c0:125:125::160,277
1223,2a02:c7a:8000:fc08::4,277
1224,2620:10c:7004:1239::100,276
1225,2a00:86c0:127:127::158,276
1226,2a00:86c0:99:af::217,275
1227,2a00:86c0:1016:1016::158,275
1228,2a00:86c0:124:124::138,275
1229,2620:10c:7002:22::204,275
1230,2a00:86c0:125:125::161,273
1231,2a00:86c0:c370:3c::153,273
1232,2a00:86c0:125:125::163,272
1233,2620:10c:7005:10a9::201,272
1234,2a00:86c0:125:125::157,272
1235,2a00:86c0:109:109::162,270
1236,2a00:86c0:112:ae::130,270
1237,2a00:86c0:1016:1016::154,270
1238,2a00:86c0:1017:1017::157,270
1239,2620:10c:7005:10a9::79,270
1240,2a00:86c0:1045:1045::134,270
1241,2a00:86c0:1012:1012::168,270
1242,2620:10c:7005:10a9::108,270
1243,2a00:86c0:2059:2059::186,270
1244,2a00:86c0:1013:1013::138,269
1245,2a00:86c0:98:ae::181,269
1246,2a00:86c0:126:126::163,269
1247,2a00:86c0:98:ae::143,268
1248,2620:10c:7003:f18::193,268
1249,2a02:c7a:8000:1b03::3,267
1250,2a00:86c0:112:ae::153,266
1251,2a00:86c0:98:ae::218,265
1252,2a00:86c0:125:125::138,265
1253,2a00:86c0:1017:1017::152,265
1254,2a00:86c0:99:af::211,265
1255,2a00:86c0:112:ae::131,265
1256,2a00:86c0:5:5::132,264
1257,2a00:86c0:1013:1013::166,264
1258,2a02:c7a:8000:fc08::5,264
1259,2a00:86c0:124:124::158,264
1260,2a00:86c0:109:109::141,264
1261,2a00:86c0:1013:1013::131,263
1262,2a00:86c0:116:116::151,263
1263,2a00:86c0:2044:2044::223,260
1264,2a00:86c0:1017:1017::155,260
1265,2a00:86c0:108:108::162,260
1266,2a00:86c0:1016:1016::152,260
1267,2a00:86c0:1012:1012::150,258
1268,2a00:86c0:109:109::163,258
1269,2a02:a000:1:212::e,257
1270,2a00:86c0:4:4::133,257
1271,2a00:86c0:1013:1013::140,256
1272,2a00:86c0:127:127::145,256
1273,2620:10c:7005:10a9::71,256
1274,2a00:86c0:113:ae::150,256
1275,2a00:86c0:1016:1016::153,255
1276,2a00:86c0:1009:1009::166,255
1277,2620:10c:7005:10a9::80,255
1278,2620:10c:700b:11cb::161,255
1279,2a00:86c0:99:af::213,255
1280,2a00:86c0:108:108::130,255
1281,2a02:c7a:8000:fc08::2,255
1282,2a02:c7a:8000:1b03::5,254
1283,2620:10c:7005:10a9::203,254
1284,2a00:86c0:1013:1013::136,254
1285,2a00:86c0:1013:1013::174,254
1286,2a00:86c0:1012:1012::163,254
1287,2a00:86c0:1013:1013::161,254
1288,2620:10c:7005:10a9::185,253
1289,2a00:86c0:5:5::130,253
1290,2a00:86c0:1012:1012::158,253
1291,2a00:86c0:26c:80::176,253
1292,2a00:86c0:127:127::144,253
1293,2a00:86c0:5:5::136,252
1294,2a00:86c0:1051:1051::134,251
1295,2a00:86c0:117:117::151,251
1296,2a00:86c0:124:124::135,251
1297,2a00:86c0:1017:1017::193,250
1298,2a00:86c0:1008:1008::166,250
1299,2a00:86c0:2044:2044::210,250
1300,2a00:86c0:1017:1017::151,250
1301,2a00:86c0:126:126::147,250
1302,2a00:86c0:2044:2044::211,250
1303,2620:10c:7005:10a9::200,249
1304,2a00:86c0:110:110::149,249
1305,2a00:86c0:7002:35::165,248
1306,2a00:86c0:119:119::147,248
1307,2a00:86c0:601:97::150,246
1308,2a00:86c0:1009:1009::150,246
1309,2a00:23a0:1f1:7::3,245
1310,2a00:86c0:7002:35::182,245
1311,2a00:86c0:119:119::164,245
1312,2a00:86c0:108:108::213,245
1313,2620:10c:7002:22::203,244
1314,2a00:86c0:1012:1012::159,243
1315,2a00:86c0:1009:1009::134,243
1316,2a00:86c0:127:127::148,242
1317,2620:10c:7004:1239::101,240
1318,2620:10c:700f:4487::219,240
1319,2a00:86c0:2036:2036::134,240
1320,2a00:86c0:119:119::151,239
1321,2a00:86c0:1045:1045::140,239
1322,2a02:a000:1:212::6,239
1323,2a00:86c0:1002:1002::157,238
1324,2a00:86c0:111:111::151,238
1325,2620:10c:7005:10a9::197,236
1326,2a00:86c0:26c:80::153,235
1327,2a00:86c0:2005:2005::135,235
1328,2a00:86c0:116:116::201,235
1329,2620:10c:7005:10a9::90,235
1330,2a00:86c0:112:ae::137,235
1331,2a00:86c0:26c:80::168,234
1332,2a00:86c0:116:116::149,234
1333,2a00:86c0:2026:2026::162,234
1334,2620:10c:7004:1239::96,233
1335,2a00:86c0:1013:1013::164,233
1336,2a00:86c0:7002:35::202,233
1337,2a00:86c0:125:125::141,233
1338,2a00:86c0:113:ae::146,233
1339,2a00:86c0:116:116::152,233
1340,2620:10c:7005:10a9::193,232
1341,2a00:86c0:1012:1012::165,231
1342,2a00:86c0:5:5::135,231
1343,2a00:86c0:2026:2026::163,230
1344,2a00:86c0:98:ae::213,230
1345,2a00:86c0:1008:1008::163,230
1346,2a04:ae39:201:7::2,230
1347,2620:10c:7004:1239::116,230
1348,2a00:86c0:2059:2059::184,230
1349,2a00:86c0:126:126::164,230
1350,2a00:86c0:116:116::154,228
1351,2620:10c:7005:10a9::67,228
1352,2620:10c:700f:4487::216,227
1353,2a00:86c0:117:117::150,227
1354,2a00:86c0:1008:1008::167,225
1355,2620:10c:700f:4487::147,225
1356,2620:10c:700f:4487::141,225
1357,2a00:23a0:1f1:5::3,225
1358,2a02:c7a:8000:fc08::3,225
1359,2620:10c:7005:10a9::165,223
1360,2a00:86c0:1008:1008::162,223
1361,2a00:86c0:1013:1013::153,222
1362,2a00:86c0:7002:35::196,222
1363,2a00:86c0:1017:1017::153,220
1364,2a00:86c0:113:ae::130,220
1365,2a00:86c0:26c:80::152,219
1366,2a00:86c0:113:ae::131,219
1367,2a00:86c0:118:118::140,218
1368,2a02:c7a:8000:1b03::4,217
1369,2a00:86c0:7004:129d::152,217
1370,2a00:86c0:1012:1012::138,216
1371,2a02:c7a:8000:313::2,215
1372,2a00:86c0:1050:1050::146,215
1373,2a00:86c0:26c:80::172,215
1374,2a00:86c0:1012:1012::142,215
1375,2a00:86c0:2036:2036::136,215
1376,2a00:86c0:118:118::148,215
1377,2a00:86c0:1051:1051::141,213
1378,2a00:86c0:127:127::159,213
1379,2a00:86c0:125:125::155,211
1380,2620:10c:7002:22::207,211
1381,2a00:23a0:1f1:e::3,210
1382,2a00:86c0:1008:1008::165,210
1383,2a00:86c0:1013:1013::163,210
1384,2620:10c:700f:4487::217,210
1385,2a00:86c0:98:ae::216,210
1386,2a00:86c0:5:5::138,209
1387,2620:10c:7002:22::213,208
1388,2a02:a000:1:212::2,208
1389,2620:10c:7002:22::188,208
1390,2a00:86c0:127:127::168,207
1391,2a02:c7a:8000:10d::2,206
1392,2a02:c7a:8000:1b03::2,206
1393,2620:10c:7005:10a9::77,205
1394,2a00:86c0:99:af::216,205
1395,2a00:86c0:119:119::163,205
1396,2607:f2c0:1:3:0:ae:3247:195,205
1397,2a00:86c0:7004:129d::162,204
1398,2a00:86c0:5:5::140,203
1399,2620:10c:7003:f18::185,202
1400,2a00:86c0:5:5::139,202
1401,2a00:86c0:1013:1013::157,201
1402,2a00:86c0:600:96::173,201
1403,2a00:86c0:7004:129d::179,201
1404,2a00:86c0:1008:1008::170,200
1405,2a00:86c0:118:118::141,200
1406,2620:10c:700f:4487::211,200
1407,2a00:23a0:1f1:d::3,200
1408,2a00:86c0:601:97::145,199
1409,2a02:c7a:8000:10d::4,199
1410,2a00:86c0:1051:1051::139,199
1411,2a00:86c0:1008:1008::164,198
1412,2a00:86c0:1013:1013::133,197
1413,2a00:86c0:109:109::220,196
1414,2a00:86c0:601:97::143,195
1415,2a00:86c0:98:ae::214,195
1416,2620:10c:700f:4487::135,195
1417,2620:10c:700e:f19::151,195
1418,2a00:86c0:127:127::154,194
1419,2a00:86c0:126:126::140,194
1420,2a00:86c0:119:119::153,194
1421,2a02:a000:1:212::1:2,194
1422,2a00:86c0:2012:2012::140,192
1423,2a00:86c0:113:ae::140,192
1424,2a00:86c0:127:127::167,191
1425,2001:888:2000:81::2,191
1426,2a04:ae39:202:8::2,190
1427,2a00:86c0:601:97::149,190
1428,2a00:86c0:2012:2012::138,190
1429,2a00:86c0:2059:2059::185,190
1430,2a00:86c0:1008:1008::171,189
1431,2620:10c:7002:22::185,189
1432,2a00:86c0:118:118::152,189
1433,2620:10c:7002:22::216,189
1434,2a00:86c0:7004:129d::166,188
1435,2a02:c7a:8000:10d::5,186
1436,2a00:86c0:116:116::143,185
1437,2a00:86c0:7004:129d::172,185
1438,2a02:c7a:8000:207::2,185
1439,2a00:23a0:1f1:c::3,185
1440,2a00:86c0:98:ae::187,185
1441,2a00:86c0:7004:129d::160,185
1442,2a00:86c0:126:126::143,184
1443,2620:10c:700f:4487::212,184
1444,2a00:86c0:126:126::157,184
1445,2620:10c:7002:22::187,183
1446,2a02:c7a:8000:30d::2,183
1447,2a00:86c0:7004:129d::165,183
1448,2a00:86c0:127:127::163,183
1449,2a00:86c0:1013:1013::156,183
1450,2a00:86c0:127:127::164,183
1451,2a00:86c0:116:116::141,182
1452,2a00:86c0:126:126::162,182
1453,2a04:ae39:202:6::2,182
1454,2a00:86c0:601:97::179,182
1455,2a00:86c0:98:ae::136,181
1456,2620:10c:7002:22::198,181
1457,2a00:86c0:98:ae::156,181
1458,2a00:86c0:7002:35::187,180
1459,2620:10c:700f:4487::214,180
1460,2a00:86c0:601:97::132,180
1461,2a00:86c0:126:126::156,180
1462,2a00:86c0:1027:1027::137,180
1463,2a00:86c0:2027:2027::164,180
1464,2a00:23a0:1f1:4::3,180
1465,2a00:86c0:1051:1051::135,179
1466,2620:10c:7002:22::208,178
1467,2a00:86c0:1013:1013::170,178
1468,2620:10c:7002:22::193,178
1469,2a00:86c0:99:af::185,177
1470,2a00:86c0:7004:129d::174,176
1471,2a00:86c0:113:ae::151,176
1472,2a00:86c0:1013:1013::171,175
1473,2a00:86c0:1009:1009::160,175
1474,2620:10c:7005:10a9::102,175
1475,2a00:86c0:99:af::210,175
1476,2a00:86c0:1050:1050::144,175
1477,2a00:86c0:5:5::90,175
1478,2a00:23a0:1f1:b::3,175
1479,2a00:86c0:2027:2027::161,175
1480,2620:10c:7005:10a9::106,175
1481,2a00:86c0:7002:35::197,174
1482,2a00:86c0:126:126::146,173
1483,2a00:86c0:126:126::148,173
1484,2a00:86c0:112:ae::141,173
1485,2a02:c7a:8000:313::3,172
1486,2a02:c7a:8000:307::2,172
1487,2a00:86c0:26c:80::161,172
1488,2620:10c:7004:1239::106,172
1489,2a02:c7a:8000:211::2,172
1490,2a00:86c0:99:af::148,171
1491,2a00:86c0:7004:129d::156,171
1492,2a00:86c0:109:109::139,171
1493,2a00:86c0:1012:1012::164,171
1494,2a00:86c0:7002:35::173,171
1495,2a00:86c0:601:97::157,170
1496,2a00:23a0:1f1:6::3,170
1497,2a00:86c0:2005:2005::134,170
1498,2a00:86c0:109:109::165,170
1499,2a00:86c0:2027:2027::154,170
1500,2a00:86c0:108:108::214,170
1501,2a00:86c0:1017:1017::160,170
1502,2a00:86c0:601:97::153,170
1503,2a00:86c0:98:ae::210,170
1504,2a00:86c0:26c:80::174,170
1505,2a00:86c0:126:126::168,169
1506,2a00:86c0:126:126::167,169
1507,2a00:86c0:7002:35::169,169
1508,2620:10c:7002:22::196,168
1509,2a02:c7a:8000:211::3,168
1510,2a00:86c0:116:116::148,167
1511,2a00:86c0:127:127::153,167
1512,2a00:86c0:99:af::151,166
1513,2620:10c:7002:22::201,166
1514,2a02:c7a:8000:207::3,166
1515,2a00:86c0:1051:1051::142,165
1516,2a00:86c0:1016:1016::155,165
1517,2620:10c:700e:f19::211,165
1518,2620:10c:700f:4487::133,165
1519,2620:10c:7002:22::225,165
1520,2620:10c:700f:4487::213,165
1521,2620:10c:7003:f18::200,164
1522,2a00:86c0:109:109::217,164
1523,2620:10c:7004:1239::115,163
1524,2a00:86c0:109:109::179,163
1525,2620:10c:7002:22::224,163
1526,2a02:c7a:8000:107::3,163
1527,2a00:86c0:109:109::199,162
1528,2a00:86c0:99:af::137,162
1529,2620:10c:700f:4487::218,162
1530,2a00:86c0:7004:129d::176,162
1531,2a00:86c0:126:126::151,162
1532,2a02:c7a:8000:313::4,162
1533,2a00:86c0:7004:129d::171,161
1534,2a00:86c0:109:109::213,161
1535,2a00:86c0:276:80::174,161
1536,2a00:86c0:2027:2027::156,160
1537,2620:10c:7002:22::190,160
1538,2a02:c7a:8000:30c::2,160
1539,2620:10c:700f:4487::149,160
1540,2620:10c:700e:f19::215,160
1541,2620:10c:7002:22::226,160
1542,2a00:86c0:127:127::169,160
1543,2a00:86c0:7002:35::177,159
1544,2a00:86c0:5:5::133,159
1545,2a00:86c0:1017:1017::176,158
1546,2a00:86c0:126:126::152,158
1547,2a00:86c0:108:108::169,158
1548,2620:10c:7002:22::206,157
1549,2a00:86c0:26c:80::177,157
1550,2a00:86c0:126:126::149,157
1551,2a00:86c0:117:117::147,157
1552,2a00:86c0:112:ae::149,156
1553,2a00:86c0:126:126::159,156
1554,2a00:86c0:119:119::154,156
1555,2a00:86c0:126:126::166,156
1556,2620:10c:7002:22::199,156
1557,2a00:86c0:108:108::222,156
1558,2a00:86c0:1017:1017::154,155
1559,2a00:86c0:7004:129d::157,155
1560,2a00:86c0:7002:35::170,155
1561,2a00:86c0:2027:2027::166,155
1562,2a00:86c0:7002:35::184,155
1563,2a02:c7a:8000:10d::3,155
1564,2620:10c:7003:f18::186,155
1565,2a00:23a0:1f1:8::3,155
1566,2a00:86c0:2012:2012::136,155
1567,2a00:86c0:2000:2000::146,154
1568,2a00:86c0:127:127::141,154
1569,2a00:86c0:127:127::165,154
1570,2a00:86c0:108:108::165,153
1571,2a00:86c0:99:af::149,153
1572,2a00:86c0:26c:80::167,152
1573,2620:10c:7004:1239::98,151
1574,2a00:86c0:5:5::131,151
1575,2a00:86c0:2012:2012::135,150
1576,2a00:86c0:601:97::140,150
1577,2a00:86c0:112:ae::152,150
1578,2a00:86c0:127:127::157,150
1579,2a00:86c0:2026:2026::155,150
1580,2a00:23a0:1f1:9::3,150
1581,2620:10c:7002:22::197,150
1582,2a00:86c0:112:ae::156,150
1583,2a00:86c0:7002:35::189,149
1584,2620:10c:7002:22::219,149
1585,2a00:86c0:126:126::141,149
1586,2a00:86c0:99:af::194,149
1587,2a02:c7a:8000:107::2,148
1588,2a00:86c0:1012:1012::153,148
1589,2a02:a000:1:212::a,147
1590,2a00:86c0:1051:1051::136,147
1591,2620:10c:7002:22::192,146
1592,2a00:86c0:127:127::156,146
1593,2a00:86c0:109:109::221,146
1594,2620:10c:7002:22::223,146
1595,2a00:86c0:7002:35::175,146
1596,2a00:86c0:276:80::170,146
1597,2a00:86c0:126:126::144,146
1598,2620:10c:7003:f18::184,146
1599,2620:10c:700f:4487::130,145
1600,2a00:86c0:99:af::214,145
1601,2620:10c:7003:f18::211,145
1602,2a00:86c0:2016:2016::132,145
1603,2a00:86c0:99:af::215,145
1604,2a00:86c0:601:97::144,145
1605,2a00:86c0:116:116::145,145
1606,2a00:86c0:600:96::179,145
1607,2a00:86c0:2026:2026::158,145
1608,2a00:86c0:112:ae::142,145
1609,2a00:86c0:112:ae::139,145
1610,2a00:86c0:118:118::150,145
1611,2a00:86c0:126:126::154,144
1612,2a00:86c0:127:127::152,144
1613,2620:10c:7004:1239::117,144
1614,2a00:86c0:127:127::143,143
1615,2a00:86c0:300:100::137,143
1616,2a00:86c0:7004:129d::158,142
1617,2a00:86c0:7004:129d::168,142
1618,2620:10c:7002:22::211,141
1619,2a00:86c0:126:126::169,141
1620,2a00:86c0:2012:2012::137,140
1621,2620:10c:700f:4487::140,140
1622,2a00:86c0:2026:2026::153,140
1623,2a00:86c0:1051:1051::145,140
1624,2a00:86c0:112:ae::150,140
1625,2620:10c:7003:f18::229,140
1626,2a00:86c0:2059:2059::188,140
1627,2620:10c:7004:1239::120,140
1628,2620:10c:700f:4487::215,139
1629,2620:10c:7004:1239::125,139
1630,2a00:86c0:127:127::155,138
1631,2a00:86c0:2012:2012::139,138
1632,2a00:86c0:7002:35::178,138
1633,2a00:86c0:112:ae::133,137
1634,2a00:86c0:98:ae::195,137
1635,2620:10c:7002:22::214,137
1636,2a00:86c0:7002:35::198,137
1637,2001:a60:91d6::4,137
1638,2a00:86c0:7002:35::188,136
1639,2a00:86c0:1017:1017::192,136
1640,2a00:86c0:276:80::171,136
1641,2a00:86c0:7004:129d::170,136
1642,2a00:23a0:1f1:a::3,135
1643,2a00:86c0:99:af::212,135
1644,2a00:23a0:1f1:f::3,135
1645,2a00:86c0:126:126::160,135
1646,2a00:86c0:2059:2059::187,135
1647,2620:10c:7002:22::228,134
1648,2a00:86c0:7002:35::190,134
1649,2a00:86c0:112:ae::159,134
1650,2a00:86c0:127:127::151,134
1651,2a00:86c0:126:126::142,133
1652,2a00:86c0:127:127::161,133
1653,2a00:86c0:7004:129d::164,133
1654,2a00:86c0:126:126::155,133
1655,2a00:86c0:1016:1016::202,132
1656,2a00:86c0:108:108::164,132
1657,2a00:86c0:7002:35::205,132
1658,2a00:86c0:116:116::150,131
1659,2a00:86c0:117:117::154,131
1660,2a00:86c0:7004:129d::173,131
1661,2620:10c:7003:f18::221,131
1662,2a00:86c0:2027:2027::159,130
1663,2620:10c:7005:10a9::219,130
1664,2620:10c:7002:22::212,130
1665,2a00:86c0:601:97::174,130
1666,2a00:86c0:1050:1050::145,130
1667,2a00:86c0:7004:129d::155,130
1668,2a02:c7a:8000:207::4,130
1669,2a00:86c0:1017:1017::156,130
1670,2a00:86c0:126:126::153,129
1671,2a00:86c0:7004:129d::151,129
1672,2a00:86c0:127:127::149,129
1673,2a00:86c0:7002:35::200,129
1674,2a00:86c0:112:ae::148,129
1675,2a00:86c0:7004:129d::159,129
1676,2a00:86c0:600:96::146,128
1677,2a00:86c0:601:97::151,128
1678,2620:10c:7003:f18::195,128
1679,2620:10c:7003:f18::174,127
1680,2a00:86c0:113:ae::147,126
1681,2620:10c:7003:f18::214,126
1682,2620:10c:7002:22::209,126
1683,2a00:86c0:7002:35::185,126
1684,2620:10c:7004:1239::113,125
1685,2a00:86c0:1050:1050::142,125
1686,2a00:86c0:601:97::133,125
1687,2a00:86c0:601:97::139,125
1688,2620:10c:700f:4487::137,125
1689,2a00:86c0:601:97::162,125
1690,2a00:86c0:1050:1050::143,125
1691,2a00:86c0:2026:2026::160,125
1692,2620:10c:700f:4487::150,125
1693,2a00:86c0:601:97::160,125
1694,2a00:86c0:600:96::144,125
1695,2a00:86c0:26c:80::173,125
1696,2a00:86c0:7002:35::183,124
1697,2a00:86c0:98:ae::138,124
1698,2a00:86c0:7004:129d::178,123
1699,2a00:86c0:112:ae::155,123
1700,2620:10c:7004:1239::118,123
1701,2a00:86c0:7002:35::171,123
1702,2a00:86c0:99:af::141,123
1703,2a00:86c0:118:118::144,123
1704,2a00:86c0:7002:35::206,123
1705,2620:10c:7003:f18::212,122
1706,2620:10c:7002:22::217,122
1707,2a00:86c0:7002:35::181,122
1708,2a00:86c0:113:ae::139,122
1709,2620:10c:7002:22::186,121
1710,2a00:86c0:7004:129d::169,121
1711,2a00:86c0:7002:35::201,121
1712,2620:10c:7004:1239::114,121
1713,2a00:86c0:1016:1016::195,121
1714,2a00:86c0:112:ae::144,120
1715,2a00:86c0:112:ae::132,120
1716,2a00:86c0:601:97::134,120
1717,2a00:86c0:601:97::152,120
1718,2a00:86c0:2001:2001::148,120
1719,2620:10c:7002:22::202,119
1720,2a00:86c0:127:127::147,119
1721,2a00:86c0:7002:35::179,119
1722,2620:10c:7002:22::221,119
1723,2620:10c:7002:22::191,119
1724,2a00:86c0:601:97::154,118
1725,2620:10c:7002:22::200,117
1726,2a00:86c0:98:ae::141,117
1727,2a02:c7a:8000:1007::4,116
1728,2a00:86c0:113:ae::141,116
1729,2a00:86c0:7002:35::195,116
1730,2a00:86c0:127:127::162,116
1731,2a00:86c0:112:ae::135,116
1732,2a00:86c0:1016:1016::170,116
1733,2a00:86c0:1051:1051::143,115
1734,2a00:86c0:1016:1016::199,115
1735,2a00:86c0:600:96::142,115
1736,2a00:86c0:2001:2001::136,115
1737,2a00:86c0:112:ae::154,115
1738,2a00:86c0:7002:35::208,115
1739,2a00:86c0:113:ae::137,115
1740,2a00:86c0:1009:1009::141,115
1741,2a00:86c0:276:80::163,115
1742,2a00:86c0:600:96::143,115
1743,2a00:86c0:109:109::210,114
1744,2a00:86c0:7004:129d::150,114
1745,2620:10c:7002:22::195,114
1746,2620:10c:7004:1239::111,114
1747,2a00:86c0:1016:1016::182,114
1748,2a00:86c0:127:127::160,114
1749,2a00:86c0:276:80::175,114
1750,2620:10c:700f:4487::136,113
1751,2a00:86c0:116:116::147,113
1752,2a00:86c0:113:ae::153,113
1753,2a00:86c0:7002:35::168,112
1754,2a00:86c0:117:117::149,112
1755,2a00:86c0:276:80::169,112
1756,2a00:86c0:117:117::153,112
1757,2620:10c:7004:1239::103,112
1758,2a00:86c0:7002:35::186,112
1759,2a00:86c0:112:ae::140,111
1760,2620:10c:7004:1239::122,111
1761,2a00:86c0:276:80::166,111
1762,2a00:86c0:600:96::160,110
1763,2a00:86c0:276:80::160,110
1764,2620:10c:700f:4487::145,110
1765,2a00:86c0:300:100::136,110
1766,2a00:86c0:601:97::142,110
1767,2620:10c:7004:1239::109,110
1768,2a00:86c0:2004:2004::135,110
1769,2a00:86c0:26c:80::169,109
1770,2a00:86c0:7002:35::191,109
1771,2a00:86c0:99:af::204,108
1772,2620:10c:7004:1239::105,107
1773,2a00:86c0:117:117::143,107
1774,2a00:86c0:7002:35::166,107
1775,2a00:86c0:7004:129d::167,107
1776,2a00:86c0:276:80::159,106
1777,2620:10c:7002:22::222,106
1778,2a00:86c0:113:ae::142,106
1779,2a00:86c0:276:80::150,106
1780,2a00:86c0:118:118::151,106
1781,2620:10c:7003:f18::172,106
1782,2a00:86c0:1051:1051::146,105
1783,2a00:86c0:1001:1059::182,105
1784,2620:10c:7003:f18::223,105
1785,2a00:86c0:113:ae::144,105
1786,2620:10c:7003:f18::192,105
1787,2a00:86c0:601:97::136,105
1788,2a00:86c0:600:96::177,104
1789,2620:10c:700e:f19::204,104
1790,2620:10c:7004:1239::99,103
1791,2a00:86c0:117:117::144,103
1792,2620:10c:7003:f18::194,103
1793,2a00:86c0:1014:1014::141,103
1794,2a00:86c0:98:ae::140,103
1795,2a00:86c0:109:109::219,102
1796,2620:10c:7004:1239::123,102
1797,2a00:86c0:601:97::141,102
1798,2a00:86c0:7004:129d::175,102
1799,2620:10c:7004:1239::121,102
1800,2a00:86c0:7002:35::203,101
1801,2a00:86c0:601:97::169,101
1802,2a00:86c0:276:80::173,101
1803,2a00:86c0:601:97::177,101
1804,2a00:86c0:2036:2036::131,100
1805,2620:10c:700f:4487::131,100
1806,2a00:86c0:26c:80::151,100
1807,2620:10c:700f:4487::138,100
1808,2a00:86c0:2036:2036::135,100
1809,2620:10c:700f:4487::144,100
1810,2620:10c:7002:22::215,100
1811,2a00:86c0:2026:2026::165,100
1812,2a00:86c0:601:97::170,100
1813,2a00:86c0:98:ae::186,99
1814,2a00:86c0:7004:129d::177,99
1815,2a00:86c0:2045:2045::222,99
1816,2a00:86c0:109:109::216,99
1817,2620:10c:7004:1239::110,99
1818,2a00:86c0:7002:35::207,99
1819,2a02:c7a:8000:211::4,98
1820,2620:10c:7003:f18::190,98
1821,2620:10c:7002:22::189,98
1822,2a00:86c0:113:ae::133,97
1823,2620:10c:7002:22::194,97
1824,2620:10c:7004:1239::102,96
1825,2a00:86c0:276:80::155,96
1826,2620:10c:7003:f18::205,96
1827,2a00:86c0:112:ae::157,96
1828,2a00:86c0:600:96::158,96
1829,2620:10c:7004:1239::119,95
1830,2a00:86c0:112:ae::158,95
1831,2620:10c:7003:f18::199,95
1832,2620:10c:7004:1239::124,94
1833,2a00:86c0:7002:35::174,94
1834,2a00:86c0:7004:129d::154,94
1835,2a00:86c0:99:af::135,94
1836,2a00:86c0:118:118::147,94
1837,2620:10c:7004:1239::108,93
1838,2a00:86c0:113:ae::134,93
1839,2a00:86c0:113:ae::154,92
1840,2a00:86c0:7004:129d::153,92
1841,2a00:86c0:98:ae::134,92
1842,2a00:86c0:600:96::169,92
1843,2a00:86c0:7002:35::180,91
1844,2620:10c:7002:22::227,91
1845,2a00:86c0:1051:1051::138,91
1846,2a00:86c0:26c:80::158,91
1847,2620:10c:7003:f18::227,91
1848,2a00:86c0:600:96::175,91
1849,2a00:86c0:1016:1016::177,91
1850,2a00:86c0:99:af::154,91
1851,2620:10c:7003:f18::228,91
1852,2a00:86c0:7002:35::193,90
1853,2a00:86c0:1016:1016::156,90
1854,2a00:86c0:601:97::135,90
1855,2a00:86c0:114:114::178,90
1856,2a00:86c0:2036:2036::133,90
1857,2620:10c:7006:a510::123,90
1858,2a00:86c0:2059:2059::183,90
1859,2a00:86c0:2045:2045::201,90
1860,2a00:86c0:114:114::177,89
1861,2a00:86c0:108:108::160,89
1862,2a02:c7a:8000:1007::3,89
1863,2a00:86c0:7004:129d::161,89
1864,2a00:86c0:98:ae::139,88
1865,2a00:86c0:113:ae::149,88
1866,2620:10c:7003:f18::213,88
1867,2620:10c:7004:1239::112,87
1868,2a00:86c0:99:af::198,87
1869,2620:10c:700e:f19::227,87
1870,2a00:86c0:109:109::214,87
1871,2a00:86c0:99:af::183,86
1872,2a00:86c0:2042:2042::130,86
1873,2a00:86c0:26c:80::156,86
1874,2620:10c:7003:f18::207,85
1875,2a00:86c0:1016:1016::203,85
1876,2620:10c:700b:11cb::176,85
1877,2a00:86c0:114:114::179,85
1878,2a00:86c0:2016:2016::130,85
1879,2a00:86c0:276:80::157,85
1880,2a00:86c0:1051:1051::144,85
1881,2a00:86c0:2059:2059::189,85
1882,2a00:86c0:600:96::131,85
1883,2a00:86c0:1000:1058::178,84
1884,2a00:86c0:98:ae::144,84
1885,2a00:86c0:7002:35::204,84
1886,2a02:c7a:8000:f07::2,84
1887,2a00:86c0:601:97::175,84
1888,2a00:86c0:127:127::142,84
1889,2a00:86c0:26c:80::178,84
1890,2620:10c:7002:22::220,83
1891,2620:10c:7004:1239::107,83
1892,2a00:86c0:276:80::156,83
1893,2a00:86c0:601:97::155,83
1894,2a00:86c0:98:ae::158,83
1895,2620:10c:7007:a511::181,83
1896,2a00:86c0:99:af::147,82
1897,2a00:86c0:99:af::180,82
1898,2620:10c:700b:11cb::188,82
1899,2a00:86c0:108:108::161,82
1900,2a00:86c0:26c:80::159,82
1901,2a00:86c0:1016:1016::197,81
1902,2620:10c:7003:f18::179,81
1903,2a00:86c0:1017:1017::200,81
1904,2a00:86c0:1017:1017::185,81
1905,2a00:86c0:112:ae::143,80
1906,2620:10c:7003:f18::201,80
1907,2a00:86c0:2045:2045::159,80
1908,2a00:86c0:600:96::138,80
1909,2a00:86c0:98:ae::153,80
1910,2a00:86c0:26c:80::165,80
1911,2a00:86c0:99:af::206,79
1912,2a00:86c0:99:af::133,79
1913,2a00:86c0:117:117::145,78
1914,2a02:c7a:8000:1007::2,78
1915,2a00:86c0:109:109::135,77
1916,2a00:86c0:118:118::153,77
1917,2a00:86c0:1016:1016::191,77
1918,2a00:86c0:99:af::200,77
1919,2a00:86c0:1017:1017::177,76
1920,2620:10c:7007:a511::176,76
1921,2a00:86c0:99:af::146,76
1922,2620:10c:7003:f18::191,76
1923,2a00:86c0:108:108::140,76
1924,2a02:c7a:8000:f07::5,76
1925,2a00:86c0:113:ae::157,75
1926,2a00:86c0:601:97::131,75
1927,2a00:86c0:600:96::147,75
1928,2620:10c:700b:11cb::190,75
1929,2a00:86c0:1048:1048::140,75
1930,2620:10c:7003:f18::130,75
1931,2620:10c:700b:11cb::184,75
1932,2a00:86c0:117:117::152,75
1933,2a00:86c0:2059:2059::190,75
1934,2a00:86c0:600:96::163,75
1935,2a00:86c0:2058:2058::191,75
1936,2a00:86c0:2017:2017::131,75
1937,2a00:86c0:1011:1011::130,74
1938,2a00:86c0:600:96::152,74
1939,2a00:86c0:1009:1009::172,74
1940,2a00:86c0:99:af::203,74
1941,2a00:86c0:98:ae::182,73
1942,2a00:86c0:1016:1016::186,73
1943,2a00:86c0:1017:1017::208,73
1944,2a00:86c0:113:ae::148,73
1945,2a00:86c0:99:af::158,73
1946,2a00:86c0:1016:1016::183,73
1947,2a00:86c0:601:97::163,73
1948,2a00:86c0:99:af::134,73
1949,2a00:86c0:276:80::153,73
1950,2a00:86c0:99:af::139,73
1951,2a00:86c0:276:80::162,72
1952,2a00:86c0:98:ae::150,72
1953,2a00:86c0:1017:1017::197,72
1954,2620:10c:700b:11cb::165,72
1955,2620:10c:7003:f18::222,72
1956,2a00:86c0:1016:1016::194,72
1957,2a00:86c0:600:96::168,72
1958,2a00:86c0:98:ae::135,72
1959,2a00:86c0:108:108::154,72
1960,2a00:86c0:1017:1017::196,72
1961,2a00:86c0:7004:129d::163,72
1962,2620:10c:700e:f19::174,71
1963,2620:10c:700e:f19::159,71
1964,2a00:86c0:1016:1016::209,71
1965,2a00:86c0:1016:1016::173,71
1966,2a00:86c0:108:108::141,71
1967,2a00:86c0:109:109::215,71
1968,2620:10c:700b:11cb::205,71
1969,2a00:86c0:98:ae::145,71
1970,2a00:86c0:1016:1016::200,70
1971,2620:10c:7003:f18::170,70
1972,2a00:86c0:99:af::150,70
1973,2a00:86c0:1017:1017::179,70
1974,2a00:86c0:2001:2001::147,70
1975,2a00:86c0:2036:2036::130,70
1976,2a00:86c0:98:ae::190,70
1977,2620:10c:700b:11cb::204,70
1978,2a00:86c0:1016:1016::174,70
1979,2620:10c:7003:f18::156,70
1980,2620:10c:7003:f18::202,69
1981,2a00:86c0:99:af::156,69
1982,2a00:86c0:99:af::201,69
1983,2a00:86c0:601:97::167,68
1984,2620:10c:700a:11ca::204,68
1985,2a00:86c0:113:ae::136,68
1986,2a02:c7a:8000:f07::4,67
1987,2a00:86c0:1017:1017::209,67
1988,2620:10c:700b:11cb::172,67
1989,2620:10c:700e:f19::153,67
1990,2620:10c:7004:1239::104,67
1991,2a02:c7a:8000:f07::7,67
1992,2620:10c:7007:a511::182,67
1993,2a00:86c0:1017:1017::204,66
1994,2a00:86c0:26c:80::162,66
1995,2a00:86c0:601:97::165,66
1996,2a00:86c0:26c:80::166,66
1997,2a00:86c0:117:117::146,66
1998,2620:10c:7003:f18::217,66
1999,2a00:86c0:600:96::166,66
2000,2a00:86c0:26c:80::163,66
2001,2a00:86c0:117:117::140,66
2002,2a00:86c0:2042:2042::131,65
2003,2a00:86c0:1016:1016::175,65
2004,2a00:86c0:99:af::142,65
2005,2a00:86c0:2001:2001::142,65
2006,2a00:86c0:1048:1048::138,65
2007,2a00:86c0:1017:1017::189,65
2008,2a00:86c0:118:118::162,65
2009,2620:10c:700b:11cb::169,65
2010,2a00:86c0:2001:2001::146,65
2011,2a00:86c0:1048:1048::136,65
2012,2a00:86c0:1017:1017::159,65
2013,2a00:86c0:116:116::142,65
2014,2a00:86c0:601:97::178,65
2015,2620:10c:7003:f18::196,65
2016,2a00:86c0:276:80::161,65
2017,2620:10c:7003:f18::216,65
2018,2620:10c:700b:11cb::170,64
2019,2a00:86c0:99:af::130,64
2020,2a02:c7a:8000:f07::3,64
2021,2a00:86c0:113:ae::158,64
2022,2620:10c:7003:f18::203,63
2023,2a00:86c0:98:ae::197,63
2024,2620:10c:7003:f18::208,63
2025,2620:10c:7003:f18::183,63
2026,2620:10c:7003:f18::204,63
2027,2a00:23a0:1d1:5::3,62
2028,2a00:86c0:600:96::161,62
2029,2620:10c:700e:f19::158,62
2030,2a00:86c0:26c:80::155,62
2031,2a00:86c0:113:ae::156,62
2032,2a00:86c0:1034:1034::172,61
2033,2a00:86c0:601:97::164,61
2034,2a00:86c0:99:af::188,61
2035,2a00:86c0:1055:1055::140,61
2036,2a00:86c0:601:97::158,61
2037,2a00:86c0:2036:2036::132,61
2038,2a00:86c0:1017:1017::190,61
2039,2a00:86c0:601:97::166,61
2040,2620:10c:700e:f19::206,61
2041,2a00:86c0:7002:35::167,60
2042,2a00:86c0:1016:1016::172,60
2043,2620:10c:7003:f18::169,60
2044,2a00:86c0:600:96::134,60
2045,2a00:86c0:601:97::137,60
2046,2a00:86c0:1035:1035::169,60
2047,2a00:86c0:601:97::146,60
2048,2a02:c7a:8000:f07::6,60
2049,2a00:86c0:1034:1034::167,60
2050,2a00:86c0:601:97::171,60
2051,2a00:86c0:600:96::137,60
2052,2620:10c:7003:f18::224,60
2053,2a00:86c0:2062:2062::186,60
2054,2a00:86c0:98:ae::130,60
2055,2a00:86c0:1017:1017::183,60
2056,2a00:86c0:99:af::184,60
2057,2a00:86c0:98:ae::157,60
2058,2620:10c:7003:f18::187,60
2059,2620:10c:700b:11cb::182,60
2060,2a02:16c8:5fff:8::10,59
2061,2a00:86c0:26c:80::175,58
2062,2620:10c:7003:f18::210,58
2063,2620:10c:700b:11cb::200,58
2064,2620:10c:700e:f19::214,58
2065,2620:10c:7003:f18::181,58
2066,2620:10c:700c:11c9::167,58
2067,2a00:86c0:1016:1016::176,58
2068,2a00:86c0:26c:80::157,58
2069,2a00:86c0:99:af::152,58
2070,2a00:86c0:26c:80::171,57
2071,2a00:86c0:99:af::159,57
2072,2a00:86c0:98:ae::180,57
2073,2a00:86c0:600:96::153,57
2074,2620:10c:7003:f18::206,57
2075,2620:10c:700e:f19::203,57
2076,2620:10c:700b:11cb::163,56
2077,2a00:86c0:7002:35::176,56
2078,2a00:86c0:98:ae::204,56
2079,2620:10c:7009:11c8::152,56
2080,2a00:86c0:26c:80::179,56
2081,2a00:86c0:1016:1016::189,56
2082,2a00:86c0:601:97::161,56
2083,2a00:86c0:26c:80::160,56
2084,2a00:86c0:2017:2017::130,55
2085,2620:10c:700b:11cb::197,55
2086,2a00:86c0:2001:2001::149,55
2087,2a00:86c0:601:97::168,55
2088,2a00:86c0:2004:2004::134,55
2089,2a00:86c0:98:ae::205,55
2090,2a00:86c0:114:114::175,55
2091,2a00:86c0:98:ae::200,55
2092,2620:10c:7003:f18::155,55
2093,2a00:86c0:99:af::140,55
2094,2a00:86c0:2001:2001::138,55
2095,2a00:86c0:99:af::193,54
2096,2620:10c:7009:11c8::164,54
2097,2a00:86c0:98:ae::131,54
2098,2a00:86c0:26c:80::150,54
2099,2a00:86c0:98:ae::201,54
2100,2620:10c:700b:11cb::193,54
2101,2a02:16c8:5fff:7::10,54
2102,2a00:86c0:99:af::186,53
2103,2a00:86c0:1035:1035::165,53
2104,2a00:86c0:99:af::209,53
2105,2a00:86c0:1034:1034::170,53
2106,2a00:86c0:99:af::190,53
2107,2a00:86c0:1016:1016::185,53
2108,2620:10c:7009:11c8::157,53
2109,2620:10c:700a:11ca::199,52
2110,2a00:86c0:600:96::176,52
2111,2a00:86c0:98:ae::196,52
2112,2a00:86c0:98:ae::155,52
2113,2a00:86c0:98:ae::148,52
2114,2a00:86c0:276:80::164,52
2115,2a00:86c0:1034:1034::165,52
2116,2a00:86c0:600:96::159,52
2117,2a00:86c0:1016:1016::187,51
2118,2a00:86c0:98:ae::132,51
2119,2a00:86c0:98:ae::152,51
2120,2620:10c:700e:f19::205,51
2121,2a00:86c0:99:af::138,51
2122,2a00:86c0:276:80::172,51
2123,2620:10c:7006:a510::111,51
2124,2a00:86c0:1017:1017::187,51
2125,2620:10c:700b:11cb::202,50
2126,2a00:86c0:1017:1017::186,50
2127,2620:10c:7003:f18::165,50
2128,2620:10c:7003:f18::209,50
2129,2a00:86c0:1001:1059::210,50
2130,2620:10c:700e:f19::221,50
2131,2a00:86c0:1035:1035::166,50
2132,2a00:86c0:1048:1048::135,50
2133,2620:10c:700b:11cb::183,50
2134,2a00:86c0:2016:2016::131,50
2135,2a00:86c0:600:96::141,50
2136,2620:10c:700e:f19::201,50
2137,2a00:86c0:276:80::152,50
2138,2a00:86c0:1035:1035::168,50
2139,2620:10c:700b:11cb::186,50
2140,2620:10c:7003:f18::226,49
2141,2a00:86c0:112:ae::147,49
2142,2620:10c:700a:11ca::176,49
2143,2620:10c:700b:11cb::191,49
2144,2a00:86c0:98:ae::208,49
2145,2a00:86c0:112:ae::134,49
2146,2a00:86c0:1017:1017::175,49
2147,2620:10c:700a:11ca::194,48
2148,2a00:86c0:114:114::181,48
2149,2a00:86c0:1011:1011::150,48
2150,2620:10c:7009:11c8::167,48
2151,2a00:86c0:98:ae::137,48
2152,2620:10c:7003:f18::215,48
2153,2a00:86c0:98:ae::191,48
2154,2a00:86c0:600:96::135,48
2155,2a00:86c0:1034:1034::169,48
2156,2a00:86c0:98:ae::203,47
2157,2a00:86c0:109:109::175,47
2158,2620:10c:700b:11cb::187,47
2159,2a00:86c0:112:ae::151,47
2160,2620:10c:700b:11cb::189,47
2161,2a00:86c0:26c:80::164,47
2162,2a00:86c0:1017:1017::205,46
2163,2a00:86c0:112:ae::136,46
2164,2a00:86c0:1034:1034::166,46
2165,2a00:86c0:98:ae::192,46
2166,2a00:86c0:1000:1058::158,45
2167,2a00:86c0:2017:2017::132,45
2168,2a00:86c0:26c:80::154,45
2169,2620:10c:700e:f19::229,45
2170,2a00:86c0:600:96::148,45
2171,2a00:23a0:1d1:e::3,45
2172,2a00:86c0:108:108::244,45
2173,2a00:86c0:1016:1016::181,45
2174,2620:10c:7007:a511::169,45
2175,2a00:86c0:98:ae::154,45
2176,2a00:86c0:117:117::141,45
2177,2620:10c:700b:11cb::167,45
2178,2a00:86c0:2062:2062::184,45
2179,2a00:86c0:118:118::164,45
2180,2620:10c:7009:11c8::158,45
2181,2a00:86c0:99:af::197,45
2182,2a00:23a0:1d1:a::3,45
2183,2a00:86c0:600:96::130,45
2184,2a00:86c0:108:108::176,44
2185,2620:10c:700a:11ca::181,44
2186,2620:10c:7003:f18::182,44
2187,2a00:86c0:98:ae::206,44
2188,2620:10c:700a:11ca::173,44
2189,2620:10c:700c:11c9::156,44
2190,2620:10c:7009:11c8::155,44
2191,2a00:86c0:113:ae::135,43
2192,2a00:86c0:98:ae::199,43
2193,2a02:16c8:5fff:3::10,43
2194,2620:10c:700a:11ca::179,43
2195,2a02:16c8:5fff:5::10,43
2196,2a00:86c0:98:ae::207,43
2197,2620:10c:700e:f19::230,43
2198,2a00:86c0:1016:1016::188,43
2199,2a00:86c0:1017:1017::171,43
2200,2a00:86c0:108:108::166,43
2201,2620:10c:700b:11cb::155,43
2202,2620:10c:700b:11cb::175,43
2203,2620:10c:700b:11cb::178,43
2204,2620:10c:7003:f18::218,42
2205,2a00:86c0:600:96::155,42
2206,2a00:86c0:113:ae::155,42
2207,2a00:86c0:600:96::164,42
2208,2620:10c:7003:f18::198,42
2209,2a00:86c0:99:af::191,42
2210,2a00:86c0:1011:1011::140,42
2211,2620:10c:700e:f19::213,42
2212,2a00:86c0:112:ae::138,42
2213,2a00:86c0:1035:1035::172,42
2214,2a00:23a0:1d1:7::3,41
2215,2620:10c:700b:11cb::199,41
2216,2620:10c:700c:11c9::170,41
2217,2a00:86c0:1016:1016::205,41
2218,2620:10c:700b:11cb::192,41
2219,2620:10c:7003:f18::173,41
2220,2a02:16c8:5fff:2::10,41
2221,2a00:86c0:113:ae::152,41
2222,2a00:86c0:1016:1016::190,41
2223,2620:10c:700b:11cb::166,41
2224,2a00:86c0:2058:2058::239,41
2225,2620:10c:700b:11cb::158,41
2226,2620:10c:7007:a511::185,41
2227,2620:10c:7007:a511::163,41
2228,2a00:86c0:1001:1001::162,40
2229,2a00:86c0:2058:2058::249,40
2230,2a00:86c0:2045:2045::221,40
2231,2a00:86c0:113:ae::143,40
2232,2620:10c:700b:11cb::206,40
2233,2a00:86c0:99:af::131,40
2234,2a00:86c0:118:118::166,40
2235,2620:10c:700b:11cb::156,40
2236,2a00:86c0:2063:2063::180,40
2237,2a00:86c0:600:96::170,40
2238,2a00:86c0:1016:1016::198,40
2239,2a00:86c0:2059:2059::247,40
2240,2a00:86c0:600:96::140,40
2241,2a00:86c0:1055:1055::138,40
2242,2a00:86c0:2014:2014::131,40
2243,2a00:86c0:2026:2026::131,40
2244,2620:10c:700a:11ca::160,40
2245,2a00:86c0:1001:1059::154,40
2246,2620:10c:700a:11ca::208,40
2247,2a00:86c0:1016:1016::157,40
2248,2a00:86c0:2058:2058::183,40
2249,2620:10c:700c:11c9::155,40
2250,2620:10c:7009:11c8::171,40
2251,2a00:86c0:2062:2062::185,40
2252,2a00:86c0:2062:2062::176,40
2253,2a00:86c0:98:ae::188,39
2254,2a00:86c0:276:80::158,39
2255,2a00:86c0:109:109::218,39
2256,2a00:86c0:98:ae::209,39
2257,2a00:23a0:1d1:6::3,39
2258,2a00:86c0:26c:80::170,39
2259,2a00:86c0:1035:1035::171,39
2260,2a00:86c0:98:ae::133,39
2261,2620:10c:7003:f18::231,39
2262,2a00:86c0:1011:1011::144,38
2263,2a00:86c0:1017:1017::180,38
2264,2a00:86c0:1035:1035::170,38
2265,2a00:86c0:600:96::167,38
2266,2a00:86c0:1016:1016::201,38
2267,2a00:86c0:99:af::181,37
2268,2620:10c:700a:11ca::202,37
2269,2a00:86c0:1034:1034::171,37
2270,2620:10c:700c:11c9::173,37
2271,2a00:86c0:99:af::182,37
2272,2a00:86c0:1035:1035::167,37
2273,2a00:86c0:2018:2018::136,37
2274,2a00:86c0:99:af::157,37
2275,2a00:86c0:1016:1016::204,37
2276,2620:10c:700a:11ca::166,37
2277,2a00:86c0:1055:1055::143,37
2278,2a00:86c0:1017:1017::184,37
2279,2a00:86c0:1055:1055::137,37
2280,2a00:86c0:1034:1034::168,37
2281,2620:10c:700a:11ca::209,37
2282,2a00:86c0:125:125::134,36
2283,2a00:86c0:99:af::143,36
2284,2a00:86c0:108:108::241,36
2285,2620:10c:700b:11cb::185,36
2286,2a00:86c0:600:96::172,36
2287,2620:10c:700a:11ca::177,36
2288,2a02:16c8:5fff:4::10,36
2289,2620:10c:700b:11cb::168,36
2290,2a00:86c0:600:96::154,36
2291,2620:10c:7009:11c8::176,36
2292,2a00:86c0:99:af::187,36
2293,2a00:86c0:1016:1016::180,36
2294,2a00:86c0:114:114::176,36
2295,2a00:86c0:98:ae::185,36
2296,2a02:c7a:8000:f07::8,36
2297,2a00:86c0:601:97::172,36
2298,2620:10c:700a:11ca::205,36
2299,2a00:86c0:2026:2026::133,36
2300,2001:1291:400:15::b,36
2301,2a00:86c0:99:af::207,36
2302,2620:10c:700e:f19::194,35
2303,2a00:86c0:2044:2044::217,35
2304,2a00:86c0:1016:1016::208,35
2305,2a00:86c0:7002:35::220,35
2306,2402:9200:10:4::2,35
2307,2a00:86c0:98:ae::149,35
2308,2a00:86c0:2058:2058::240,35
2309,2a00:86c0:601:97::159,35
2310,2a00:86c0:114:114::182,35
2311,2620:10c:700a:11ca::150,35
2312,2a00:86c0:601:97::148,35
2313,2a00:86c0:108:108::180,35
2314,2a00:86c0:601:97::138,35
2315,2620:10c:700b:11cb::151,35
2316,2620:10c:7009:11c8::175,35
2317,2a00:86c0:600:96::132,35
2318,2a00:86c0:2058:2058::185,35
2319,2620:10c:700e:f19::235,35
2320,2620:10c:700a:11ca::197,35
2321,2a00:86c0:114:114::180,35
2322,2620:10c:7006:a510::115,35
2323,2620:10c:7007:a511::174,35
2324,2a00:86c0:2062:2062::175,35
2325,2620:10c:700a:11ca::180,35
2326,2a00:86c0:1048:1048::143,35
2327,2a00:86c0:98:ae::151,35
2328,2607:3180:b000:3::a,35
2329,2a00:86c0:99:af::155,35
2330,2a00:86c0:276:80::178,35
2331,2620:10c:7003:f18::189,35
2332,2620:10c:700a:11ca::195,34
2333,2620:10c:700a:11ca::203,34
2334,2a00:86c0:98:ae::184,34
2335,2a00:86c0:600:96::149,34
2336,2620:10c:700b:11cb::209,34
2337,2620:10c:700e:f19::168,33
2338,2a00:86c0:1017:1017::181,33
2339,2620:10c:7007:a511::179,33
2340,2a00:23a0:1d1:d::3,33
2341,2620:10c:700b:11cb::181,33
2342,2620:10c:700c:11c9::160,33
2343,2a00:86c0:109:109::227,33
2344,2a00:86c0:98:ae::194,33
2345,2620:10c:700e:f19::218,33
2346,2620:10c:700a:11ca::168,33
2347,2a00:86c0:1016:1016::193,33
2348,2a00:86c0:600:96::174,33
2349,2620:10c:7009:11c8::178,32
2350,2620:10c:700e:f19::231,32
2351,2a00:86c0:600:96::157,32
2352,2a00:86c0:1055:1055::139,32
2353,2a00:86c0:1016:1016::159,32
2354,2a00:86c0:276:80::154,32
2355,2a00:86c0:109:109::164,32
2356,2620:10c:700a:11ca::200,32
2357,2a00:86c0:98:ae::147,32
2358,2a00:86c0:1017:1017::174,32
2359,2620:10c:700b:11cb::179,32
2360,2a00:86c0:99:af::208,32
2361,2620:10c:7009:11c8::165,32
2362,2620:10c:7006:a510::124,31
2363,2620:10c:700e:f19::175,31
2364,2a00:86c0:108:108::188,31
2365,2620:10c:700a:11ca::185,31
2366,2a00:86c0:99:af::196,31
2367,2620:10c:7007:a511::160,31
2368,2a00:86c0:108:108::147,31
2369,2620:10c:7006:a510::110,31
2370,2620:10c:700e:f19::161,31
2371,2620:10c:7007:a511::186,31
2372,2a00:86c0:1017:1017::191,31
2373,2620:10c:7009:11c8::179,31
2374,2a00:86c0:108:108::216,31
2375,2a00:86c0:2058:2058::231,30
2376,2620:10c:700a:11ca::165,30
2377,2a00:86c0:113:ae::138,30
2378,2620:10c:700e:f19::191,30
2379,2a00:86c0:99:af::202,30
2380,2620:10c:7006:a510::117,30
2381,2a00:23a0:1d1:4::3,30
2382,2a00:86c0:2063:2063::181,30
2383,2a00:86c0:2014:2014::130,30
2384,2a02:a000:2:212::1:6,30
2385,2620:10c:7006:a510::125,30
2386,2a00:86c0:2063:2063::189,30
2387,2620:10c:7006:a510::122,30
2388,2620:10c:700e:f19::154,30
2389,2a00:86c0:600:96::139,30
2390,2a00:86c0:1017:1017::195,30
2391,2620:10c:700e:f19::150,30
2392,2a00:86c0:1016:1016::196,30
2393,2a00:86c0:99:af::192,30
2394,2a00:86c0:2063:2063::178,30
2395,2a00:86c0:2058:2058::217,30
2396,2620:10c:7003:f18::171,30
2397,2620:10c:7007:a511::177,30
2398,2620:10c:700a:11ca::159,30
2399,2a00:86c0:99:af::205,30
2400,2a00:86c0:2014:2014::132,30
2401,2620:10c:7006:a510::104,30
2402,2620:10c:7003:f18::177,30
2403,2a00:86c0:1011:1011::145,29
2404,2620:10c:700b:11cb::157,29
2405,2620:10c:700a:11ca::189,29
2406,2a00:86c0:98:ae::142,29
2407,2a00:86c0:109:109::183,29
2408,2a00:23a0:1d1:c::3,29
2409,2620:10c:700c:11c9::163,29
2410,2a00:86c0:99:af::153,29
2411,2620:10c:700a:11ca::154,29
2412,2620:10c:700a:11ca::157,29
2413,2620:10c:700b:11cb::177,29
2414,2a00:23a0:1d1:b::3,29
2415,2620:10c:7009:11c8::172,29
2416,2620:10c:700e:f19::222,29
2417,2620:10c:700c:11c9::179,28
2418,2620:10c:700a:11ca::192,28
2419,2a00:86c0:1055:1055::141,28
2420,2a00:86c0:1016:1016::179,28
2421,2a00:86c0:98:ae::159,28
2422,2a00:86c0:98:ae::189,28
2423,2620:10c:700c:11c9::176,28
2424,2620:10c:700a:11ca::182,28
2425,2620:10c:700c:11c9::157,28
2426,2620:10c:700a:11ca::178,28
2427,2620:10c:700b:11cb::152,28
2428,2620:10c:7007:a511::178,28
2429,2620:10c:700a:11ca::172,27
2430,2620:10c:700e:f19::171,27
2431,2620:10c:7003:f18::254,27
2432,2a00:23a0:1d1:8::3,27
2433,2a00:86c0:99:af::189,27
2434,2a00:86c0:1055:1055::142,27
2435,2a00:86c0:109:109::211,27
2436,2620:10c:7006:a510::98,27
2437,2a00:86c0:1011:1011::151,26
2438,2a00:86c0:108:108::144,26
2439,2a00:86c0:276:80::168,26
2440,2a00:86c0:1010:1010::151,26
2441,2a00:86c0:276:80::176,26
2442,2620:10c:7009:11c8::161,26
2443,2a00:86c0:98:ae::193,26
2444,2a00:86c0:1017:1017::206,26
2445,2620:10c:7003:f18::219,26
2446,2620:10c:700b:11cb::194,26
2447,2620:10c:7003:f18::225,26
2448,2620:10c:7009:11c8::163,25
2449,2620:10c:700e:f19::219,25
2450,2a00:86c0:1000:1058::138,25
2451,2a00:86c0:2058:2058::187,25
2452,2620:10c:7007:a511::171,25
2453,2a00:86c0:2063:2063::188,25
2454,2a00:86c0:1017:1017::188,25
2455,2a00:86c0:2062:2062::182,25
2456,2620:10c:7003:f18::176,25
2457,2620:10c:700a:11ca::183,25
2458,2a00:86c0:1048:1048::137,25
2459,2a00:86c0:2058:2058::192,25
2460,2620:10c:700e:f19::202,25
2461,2a00:86c0:600:96::133,25
2462,2001:5f8:7d01:8::2,25
2463,2a00:86c0:1000:1058::177,25
2464,2a00:86c0:1001:1059::153,25
2465,2a00:86c0:2063:2063::174,25
2466,2620:10c:7006:a510::119,25
2467,2620:10c:700b:11cb::196,25
2468,2620:10c:700a:11ca::188,25
2469,2620:10c:700a:11ca::153,25
2470,2a00:86c0:2058:2058::223,25
2471,2a00:86c0:1048:1048::141,25
2472,2a00:86c0:1010:1010::155,25
2473,2a00:86c0:2058:2058::235,25
2474,2a00:86c0:108:108::245,25
2475,2a00:86c0:2062:2062::187,25
2476,2620:10c:700b:11cb::201,24
2477,2620:10c:700b:11cb::195,24
2478,2620:10c:700a:11ca::190,24
2479,2a00:86c0:2018:2018::134,24
2480,2620:10c:700b:11cb::171,24
2481,2620:10c:700a:11ca::151,24
2482,2620:10c:700a:11ca::175,24
2483,2620:10c:700e:f19::177,23
2484,2620:10c:7007:a511::172,23
2485,2620:10c:700e:f19::169,23
2486,2620:10c:700a:11ca::187,23
2487,2620:10c:7003:f18::175,23
2488,2620:10c:700e:f19::157,23
2489,2a00:86c0:1010:1010::133,23
2490,2a00:86c0:109:109::149,23
2491,2620:10c:700a:11ca::167,23
2492,2620:10c:7003:f18::180,23
2493,2620:10c:700a:11ca::198,23
2494,2a00:86c0:600:96::165,23
2495,2620:10c:700a:11ca::158,23
2496,2a00:86c0:1011:1011::143,22
2497,2a00:86c0:1016:1016::171,22
2498,2620:10c:700a:11ca::174,22
2499,2620:10c:700c:11c9::159,22
2500,2a00:86c0:108:108::153,22
2501,2620:10c:700e:f19::210,22
2502,2620:10c:700a:11ca::206,22
2503,2620:10c:7009:11c8::160,22
2504,2a00:86c0:1016:1016::192,22
2505,2a00:86c0:99:af::195,22
2506,2620:10c:7007:a511::187,22
2507,2a00:86c0:2018:2018::135,22
2508,2620:10c:700a:11ca::193,22
2509,2620:10c:700b:11cb::173,21
2510,2620:10c:700c:11c9::169,21
2511,2a00:86c0:109:109::148,21
2512,2620:10c:700c:11c9::153,21
2513,2a00:86c0:1011:1011::141,21
2514,2a00:86c0:98:ae::183,21
2515,2a00:86c0:1017:1017::172,21
2516,2a00:86c0:1017:1017::182,21
2517,2a00:86c0:109:109::233,21
2518,2620:10c:700e:f19::178,21
2519,2620:10c:700a:11ca::171,21
2520,2620:10c:7009:11c8::168,21
2521,2a00:86c0:109:109::178,21
2522,2620:10c:700e:f19::234,21
2523,2620:10c:700c:11c9::161,20
2524,2a00:86c0:2062:2062::157,20
2525,2620:10c:700a:11ca::196,20
2526,2a00:86c0:2039:2039::130,20
2527,2a00:86c0:2039:2039::134,20
2528,2a00:86c0:1016:1016::178,20
2529,2a00:86c0:2025:2025::133,20
2530,2407:8800:bf00:38::1,20
2531,2a00:86c0:2058:2058::234,20
2532,2a00:86c0:1048:1048::139,20
2533,2620:10c:7009:11c8::177,20
2534,2620:10c:700c:11c9::168,20
2535,2620:10c:7006:a510::105,20
2536,2620:10c:700a:11ca::161,20
2537,2a00:86c0:2058:2058::186,20
2538,2a00:86c0:109:109::187,20
2539,2a00:86c0:276:80::165,20
2540,2a00:86c0:2063:2063::190,20
2541,2a00:86c0:109:109::150,20
2542,2620:10c:7006:a510::116,20
2543,2a00:86c0:118:118::168,20
2544,2a00:86c0:2045:2045::220,20
2545,2a00:86c0:1000:1058::145,20
2546,2a00:86c0:2062:2062::169,20
2547,2a00:86c0:108:108::167,20
2548,2a00:86c0:108:108::242,20
2549,2a00:86c0:2063:2063::184,20
2550,2a00:86c0:2026:2026::130,20
2551,2620:10c:700e:f19::163,20
2552,2a00:86c0:2058:2058::228,20
2553,2a00:86c0:2062:2062::177,20
2554,2620:10c:7009:11c8::174,20
2555,2a00:86c0:1017:1017::194,20
2556,2a00:86c0:601:97::173,20
2557,2620:10c:7007:a511::161,20
2558,2620:10c:7009:11c8::166,19
2559,2a00:86c0:108:108::186,19
2560,2620:10c:700b:11cb::164,19
2561,2a00:86c0:600:96::151,19
2562,2a00:86c0:109:109::231,19
2563,2620:10c:700b:11cb::153,18
2564,2a00:23a0:1d1:9::3,18
2565,2a00:86c0:126:126::145,18
2566,2620:10c:700c:11c9::150,18
2567,2620:10c:700b:11cb::203,18
2568,2620:10c:700e:f19::212,18
2569,2001:1291:0:7b::b,18
2570,2a00:86c0:1017:1017::178,18
2571,2a00:86c0:1011:1011::148,18
2572,2620:10c:700e:f19::208,18
2573,2620:10c:700b:11cb::198,18
2574,2a00:86c0:1016:1016::207,18
2575,2620:10c:7007:a511::164,17
2576,2620:10c:700e:f19::216,17
2577,2a00:86c0:108:108::237,17
2578,2a00:86c0:109:109::172,17
2579,2a00:86c0:108:108::142,17
2580,2a00:86c0:108:108::248,17
2581,2a00:86c0:109:109::234,17
2582,2620:10c:700e:f19::226,17
2583,2a00:86c0:109:109::133,17
2584,2a00:86c0:1017:1017::170,17
2585,2620:10c:7009:11c8::154,17
2586,2620:10c:7006:a510::109,17
2587,2620:10c:700b:11cb::174,17
2588,2620:10c:700b:11cb::159,17
2589,2620:10c:700a:11ca::163,17
2590,2a00:86c0:600:96::156,17
2591,2a00:86c0:1017:1017::198,17
2592,2a00:86c0:108:108::146,17
2593,2620:10c:700e:f19::238,17
2594,2620:10c:7009:11c8::150,16
2595,2a00:86c0:109:109::238,16
2596,2a00:86c0:108:108::133,16
2597,2620:10c:700c:11c9::154,16
2598,2a00:86c0:109:109::171,16
2599,2a00:86c0:2018:2018::133,16
2600,2a00:86c0:109:109::153,16
2601,2620:10c:7006:a510::112,16
2602,2620:10c:7007:a511::188,16
2603,2620:10c:7007:a511::183,16
2604,2620:10c:7007:a511::166,16
2605,2620:10c:7007:a511::180,16
2606,2a00:86c0:1017:1017::202,16
2607,2620:10c:700e:f19::167,16
2608,2a00:86c0:1016:1016::184,16
2609,2620:10c:700e:f19::200,16
2610,2620:10c:700a:11ca::186,16
2611,2a00:86c0:109:109::137,16
2612,2620:10c:7003:f18::159,15
2613,2a00:86c0:2063:2063::177,15
2614,2620:10c:7003:f18::162,15
2615,2a00:86c0:2045:2045::149,15
2616,2a00:86c0:1008:1008::143,15
2617,2a00:86c0:2062:2062::166,15
2618,2620:10c:7003:f18::164,15
2619,2a00:86c0:2063:2063::164,15
2620,2a00:86c0:1008:1008::138,15
2621,2620:10c:700a:11ca::170,15
2622,2620:10c:7003:f18::147,15
2623,2a00:86c0:2062:2062::171,15
2624,2620:10c:7003:f18::167,15
2625,2a00:86c0:2015:2015::132,15
2626,2a00:86c0:2063:2063::179,15
2627,2620:10c:7003:f18::153,15
2628,2a00:86c0:2044:2044::150,15
2629,2a00:86c0:109:109::180,15
2630,2a00:86c0:2038:2038::132,15
2631,2620:10c:7003:f18::150,15
2632,2a00:86c0:1043:1043::135,15
2633,2a00:86c0:1011:1011::136,15
2634,2a00:86c0:2062:2062::160,15
2635,2620:10c:700b:11cb::208,15
2636,2620:10c:700c:11c9::166,15
2637,2620:10c:7003:f18::157,15
2638,2620:10c:7003:f18::149,15
2639,2a00:86c0:1048:1048::142,15
2640,2a00:86c0:1017:1017::203,15
2641,2620:10c:7003:f18::161,15
2642,2a00:86c0:1010:1010::130,15
2643,2620:10c:700e:f19::193,15
2644,2620:10c:7003:f18::152,15
2645,2a00:86c0:109:109::229,15
2646,2a00:86c0:109:109::235,15
2647,2620:10c:7006:a510::99,15
2648,2a00:86c0:108:108::136,15
2649,2a00:86c0:2025:2025::130,15
2650,2620:10c:700c:11c9::174,15
2651,2620:10c:7006:a510::113,15
2652,2620:10c:7003:f18::158,15
2653,2a00:86c0:2045:2045::152,15
2654,2620:10c:700e:f19::156,15
2655,2a00:86c0:2062:2062::189,15
2656,2620:10c:7003:f18::131,15
2657,2a00:86c0:1048:1048::134,15
2658,2620:10c:700b:11cb::162,15
2659,2620:10c:7006:a510::120,15
2660,2620:10c:7007:a511::165,15
2661,2620:10c:7003:f18::154,15
2662,2620:10c:7003:f18::148,15
2663,2a00:86c0:111:111::158,15
2664,2a00:86c0:118:118::154,15
2665,2a00:86c0:2015:2015::130,15
2666,2620:10c:7006:a510::102,15
2667,2a00:86c0:1001:1001::163,15
2668,2a00:86c0:2062:2062::191,15
2669,2620:10c:700e:f19::220,14
2670,2620:10c:700c:11c9::151,14
2671,2620:10c:7009:11c8::170,14
2672,2620:10c:700a:11ca::201,14
2673,2620:10c:7009:11c8::151,14
2674,2620:10c:700c:11c9::171,14
2675,2620:10c:700c:11c9::178,13
2676,2a00:86c0:109:109::193,13
2677,2620:10c:700a:11ca::162,13
2678,2620:10c:700b:11cb::180,13
2679,2a00:86c0:108:108::159,13
2680,2a00:86c0:108:108::233,13
2681,2a00:86c0:600:96::171,13
2682,2a00:86c0:109:109::236,13
2683,2a00:86c0:108:108::137,12
2684,2a00:86c0:108:108::183,12
2685,2a00:86c0:98:ae::198,12
2686,2a00:86c0:109:109::144,12
2687,2a00:86c0:108:108::156,12
2688,2a00:86c0:109:109::152,12
2689,2620:10c:7007:a511::173,12
2690,2a00:86c0:1010:1010::134,12
2691,2a00:86c0:109:109::225,12
2692,2a00:86c0:109:109::190,12
2693,2a00:86c0:108:108::191,12
2694,2a00:86c0:109:109::226,12
2695,2a00:86c0:109:109::157,12
2696,2a00:86c0:109:109::159,12
2697,2a00:86c0:109:109::194,12
2698,2620:10c:700c:11c9::165,12
2699,2a00:86c0:109:109::158,12
2700,2a00:23a0:1d1:f::3,12
2701,2a00:86c0:1011:1011::157,11
2702,2620:10c:7007:a511::168,11
2703,2620:10c:7006:a510::114,11
2704,2a02:a000:2:212::2:6,11
2705,2a00:86c0:108:108::190,11
2706,2620:10c:700e:f19::155,11
2707,2a00:86c0:109:109::192,11
2708,2a00:86c0:1011:1011::159,11
2709,2a00:86c0:108:108::185,11
2710,2a00:86c0:109:109::195,11
2711,2a00:86c0:109:109::143,11
2712,2a00:86c0:1017:1017::201,11
2713,2620:10c:7009:11c8::159,11
2714,2a00:86c0:109:109::188,11
2715,2a00:86c0:109:109::198,11
2716,2620:10c:700c:11c9::177,11
2717,2620:10c:700c:11c9::175,11
2718,2a00:86c0:108:108::152,11
2719,2a00:86c0:2063:2063::170,10
2720,2a02:2788:fff0:11::2,10
2721,2a02:a000:2:212::2:2,10
2722,2a00:86c0:1010:1010::147,10
2723,2a00:86c0:601:97::156,10
2724,2a00:86c0:2062:2062::180,10
2725,2a00:86c0:108:108::139,10
2726,2a00:86c0:2063:2063::187,10
2727,2a00:86c0:2038:2038::134,10
2728,2a00:86c0:1001:1059::212,10
2729,2a00:86c0:2058:2058::245,10
2730,2a00:86c0:1034:1034::178,10
2731,2620:10c:700e:f19::223,10
2732,2a00:86c0:109:109::237,10
2733,2a00:86c0:2024:2024::132,10
2734,2a00:86c0:2026:2026::132,10
2735,2a00:86c0:2025:2025::131,10
2736,2a00:86c0:108:108::134,10
2737,2a00:86c0:109:109::170,10
2738,2a00:86c0:2063:2063::175,10
2739,2a00:86c0:1010:1010::149,10
2740,2a00:86c0:2062:2062::183,10
2741,2a00:86c0:1011:1011::137,10
2742,2a00:86c0:109:109::181,10
2743,2620:10c:7006:a510::108,10
2744,2a00:86c0:109:109::138,10
2745,2620:10c:7006:a510::107,10
2746,2a00:86c0:2063:2063::165,10
2747,2a00:86c0:109:109::136,10
2748,2a00:86c0:2063:2063::158,10
2749,2a00:86c0:4:4::154,10
2750,2a00:86c0:2062:2062::163,10
2751,2a00:86c0:2027:2027::134,10
2752,2a00:86c0:2027:2027::131,10
2753,2a00:86c0:108:108::181,10
2754,2a00:86c0:2027:2027::130,10
2755,2620:10c:7006:a510::118,10
2756,2a00:86c0:108:108::157,10
2757,2a00:86c0:109:109::155,10
2758,2a00:86c0:109:109::224,10
2759,2620:10c:7007:a511::170,10
2760,2a00:86c0:1043:1043::133,10
2761,2a00:86c0:2058:2058::236,10
2762,2a00:86c0:2062:2062::174,10
2763,2a00:86c0:109:109::151,10
2764,2a00:86c0:1000:1000::162,10
2765,2620:10c:7009:11c8::156,10
2766,2a00:86c0:108:108::227,10
2767,2a00:86c0:2063:2063::162,10
2768,2620:10c:700a:11ca::184,10
2769,2a00:86c0:1000:1058::160,10
2770,2a00:86c0:1001:1001::147,10
2771,2a00:86c0:1000:1058::135,10
2772,2a00:86c0:2063:2063::171,10
2773,2a00:86c0:4:4::157,10
2774,2a00:86c0:108:108::138,10
2775,2a00:86c0:2044:2044::216,10
2776,2620:10c:700a:11ca::155,10
2777,2a00:86c0:2058:2058::241,10
2778,2a00:86c0:108:108::151,9
2779,2a00:86c0:108:108::229,9
2780,2620:10c:700c:11c9::158,9
2781,2a00:86c0:108:108::148,9
2782,2620:10c:700a:11ca::164,9
2783,2a00:86c0:108:108::149,9
2784,2a00:86c0:109:109::176,9
2785,2a00:86c0:109:109::228,8
2786,2a00:86c0:1016:1016::161,8
2787,2620:10c:700a:11ca::156,8
2788,2a00:86c0:108:108::171,8
2789,2a00:86c0:108:108::196,8
2790,2a00:86c0:1016:1016::206,8
2791,2a00:86c0:108:108::226,8
2792,2a00:86c0:108:108::232,8
2793,2620:10c:700e:f19::164,8
2794,2620:10c:7007:a511::190,8
2795,2620:10c:7009:11c8::162,8
2796,2a00:86c0:108:108::225,8
2797,2620:10c:7003:f18::230,8
2798,2620:10c:7006:a510::103,8
2799,2a00:86c0:108:108::184,8
2800,2a00:86c0:1010:1010::145,8
2801,2a00:86c0:109:109::156,7
2802,2a00:86c0:108:108::174,7
2803,2a00:86c0:115:115::133,7
2804,2a00:86c0:108:108::177,7
2805,2620:10c:700e:f19::228,7
2806,2a00:86c0:1011:1011::133,7
2807,2a00:86c0:109:109::230,7
2808,2620:10c:700c:11c9::162,7
2809,2a00:86c0:109:109::191,7
2810,2a00:86c0:1010:1010::136,7
2811,2a00:86c0:1010:1010::152,7
2812,2a00:86c0:108:108::192,7
2813,2a00:86c0:108:108::235,7
2814,2a00:86c0:109:109::186,7
2815,2a00:86c0:1010:1010::158,7
2816,2a00:86c0:109:109::134,7
2817,2620:10c:700e:f19::179,7
2818,2a00:86c0:109:109::140,6
2819,2620:10c:700a:11ca::169,6
2820,2a00:86c0:1034:1034::141,6
2821,2a02:a000:2:212::2:a,6
2822,2620:10c:700e:f19::176,6
2823,2a00:86c0:108:108::158,6
2824,2a00:86c0:109:109::184,6
2825,2620:10c:7007:a511::167,6
2826,2620:10c:7007:a511::184,6
2827,2a00:86c0:108:108::224,6
2828,2a00:86c0:109:109::185,6
2829,2a00:86c0:109:109::173,6
2830,2a00:86c0:108:108::170,6
2831,2620:10c:7003:f18::235,6
2832,2a00:86c0:1011:1011::153,6
2833,2a00:86c0:1010:1010::154,6
2834,2a00:86c0:120:120::154,6
2835,2a00:86c0:108:108::132,6
2836,2a00:86c0:108:108::175,6
2837,2a00:86c0:108:108::193,6
2838,2a00:86c0:1011:1011::132,6
2839,2a00:86c0:108:108::230,6
2840,2a00:86c0:121:121::143,6
2841,2a00:86c0:1010:1010::153,6
2842,2a00:86c0:1010:1010::137,6
2843,2a00:86c0:109:109::131,6
2844,2a00:86c0:1011:1011::152,6
2845,2620:10c:7007:a511::162,6
2846,2620:10c:700c:11c9::172,6
2847,2620:10c:7006:a510::101,5
2848,2a00:86c0:a2a6::135,5
2849,2a00:86c0:2001:2001::140,5
2850,2a00:86c0:118:118::165,5
2851,2a00:86c0:2024:2024::133,5
2852,2a00:86c0:2001:2001::135,5
2853,2a00:86c0:108:108::182,5
2854,2a00:86c0:109:109::197,5
2855,2a00:86c0:2063:2063::160,5
2856,2001:5f8:7d01:4::2,5
2857,2a00:86c0:108:108::189,5
2858,2620:10c:700c:11c9::164,5
2859,2a00:86c0:2022:2022::136,5
2860,2a00:86c0:2063:2063::172,5
2861,2a00:86c0:2063:2063::166,5
2862,2620:10c:700e:f19::173,5
2863,2a00:86c0:2063:2063::161,5
2864,2a00:86c0:39bc:bc::66,5
2865,2a00:86c0:2027:2027::133,5
2866,2001:44b8:b070:26::2,5
2867,2a00:86c0:2026:2026::134,5
2868,2406:e000:204:2::3,5
2869,2a00:86c0:2023:2023::135,5
2870,2a00:86c0:2062:2062::168,5
2871,2a00:86c0:2025:2025::134,5
2872,2a00:86c0:1010:1010::142,5
2873,2a00:86c0:2039:2039::133,5
2874,2a00:86c0:1013:1013::191,5
2875,2a00:86c0:2016:2016::137,5
2876,2a02:a000:2:212::2:e,5
2877,2a00:86c0:2062:2062::164,5
2878,2407:8800:bf00:38::a,5
2879,2a00:86c0:2025:2025::145,5
2880,2001:4478:1:1::603,5
2881,2a00:86c0:1000:1058::147,5
2882,2001:44b8:b070:25::2,5
2883,2a00:86c0:2023:2023::134,5
2884,2a00:86c0:1043:1043::132,5
2885,2a00:86c0:2063:2063::173,5
2886,2a00:86c0:2025:2025::132,5
2887,2a00:86c0:2063:2063::186,5
2888,2620:10c:7006:a510::121,5
2889,2a00:86c0:2039:2039::131,5
2890,2a00:86c0:2024:2024::131,5
2891,2a00:86c0:2062:2062::167,5
2892,2a00:86c0:2006:2006::148,5
2893,2a00:86c0:2062:2062::170,5
2894,2a00:86c0:2062:2062::178,5
2895,2a00:86c0:1011:1011::147,5
2896,2a00:86c0:1011:1011::149,5
2897,2a00:1598:bb2:bb2::68:2,5
2898,2a00:86c0:2059:2059::249,5
2899,2a00:86c0:2027:2027::132,5
2900,2a00:86c0:2006:2006::137,5
2901,2a00:86c0:2062:2062::190,5
2902,2a00:86c0:1008:1008::131,5
2903,2620:10c:700e:f19::239,5
2904,2a00:86c0:1010:1010::143,5
2905,2a02:a000:2:212::1:e,5
2906,2a00:86c0:5:5::148,5
2907,2a00:86c0:109:109::182,5
2908,2a00:86c0:2016:2016::140,5
2909,2a00:86c0:2063:2063::192,5
2910,2a04:ae39:201:3::2,5
2911,2a00:86c0:2063:2063::168,5
2912,2a00:86c0:2062:2062::162,5
2913,2a00:1598:bb2:bb2::69:2,5
2914,2a00:86c0:1010:1010::159,5
2915,2a00:86c0:1009:1009::151,5
2916,2a00:86c0:2016:2016::138,5
2917,2a00:86c0:2062:2062::173,5
2918,2a00:86c0:1011:1011::131,5
2919,2a00:86c0:118:118::167,5
2920,2a00:86c0:1000:1000::161,5
2921,2a00:86c0:2025:2025::147,5
2922,2a00:86c0:2038:2038::133,5
2923,2a02:2788:fff0:11::3,5
2924,2620:10c:7006:a510::96,5
2925,2a00:86c0:2001:2001::137,5
2926,2a00:86c0:1010:1010::140,5
2927,2a00:86c0:2015:2015::131,5
2928,2a00:86c0:2063:2063::183,5
2929,2620:10c:7006:a510::97,5
2930,2a00:86c0:1035:1035::177,5
2931,2a00:86c0:118:118::161,5
2932,2620:10c:700b:11cb::207,5
2933,2a00:86c0:1035:1035::179,5
2934,2a00:86c0:2062:2062::188,5
2935,2a00:86c0:2006:2006::133,4
2936,2a00:86c0:2006:2006::138,4
2937,2001:5f8:7f00:2::2,4
2938,2a00:86c0:109:109::239,4
2939,2a00:86c0:2058:2058::193,4
2940,2a00:86c0:1010:1010::135,4
2941,2001:5f8:7f00:2::1:2,4
2942,2620:10c:7003:f18::253,4
2943,2a00:86c0:300:100::142,4
2944,2a00:86c0:300:100::135,4
2945,2620:10c:700b:11cb::160,4
2946,2a00:86c0:2006:2006::134,4
2947,2001:4478:1:1::605,4
2948,2620:10c:7003:f18::234,4
2949,2620:10c:700e:f19::160,4
2950,2a00:86c0:2006:2006::139,3
2951,2a00:86c0:121:121::147,3
2952,2a00:86c0:2006:2006::136,3
2953,2a00:86c0:108:108::150,3
2954,2a00:86c0:1010:1010::139,3
2955,2620:10c:700e:f19::166,3
2956,2a00:86c0:1034:1034::154,3
2957,2a00:86c0:108:108::194,3
2958,2620:10c:700a:11ca::152,3
2959,2a00:86c0:1028:1028::142,3
2960,2a00:86c0:109:109::145,3
2961,2a00:86c0:1011:1011::154,3
2962,2a00:86c0:600:96::178,3
2963,2620:10c:7009:11c8::153,2
2964,2620:10c:7007:a511::189,2
2965,2a00:86c0:2037:2037::132,2
2966,2620:10c:7009:11c8::173,2
2967,2620:10c:700c:11c9::152,2
2968,2a00:86c0:1017:1017::173,2
2969,2a00:86c0:98:ae::178,2
2970,2a00:86c0:1010:1010::157,2
2971,2a00:86c0:2006:2006::144,2
2972,2a00:86c0:2006:2006::131,2
2973,2a00:86c0:1011:1011::155,2
2974,2a00:86c0:1010:1010::132,2
2975,2a00:86c0:1011:1011::135,2
2976,2a00:86c0:1010:1010::148,2
2977,2a00:86c0:1010:1010::141,2
2978,2a00:86c0:121:121::155,2
2979,2620:10c:700e:f19::170,2
2980,2a00:86c0:108:108::197,2
2981,2a00:86c0:109:109::196,2
2982,2620:10c:7002:22::145,2
2983,2a00:86c0:108:108::172,2
2984,2a00:86c0:108:108::238,2
2985,2620:10c:7009:11c8::169,2
2986,2620:10c:700e:f19::152,2
2987,2a00:86c0:109:109::147,2
2988,2a00:86c0:108:108::236,2
2989,2a00:86c0:109:109::242,2
2990,2a00:86c0:2045:2045::242,2
2991,2a00:86c0:c371:3d::140,2
2992,2a00:86c0:108:108::155,2
2993,2a00:86c0:109:109::174,2
2994,2a00:86c0:108:108::178,2
2995,2a02:a000:2:212::a,1
2996,2a00:86c0:1046:1046::131,1
2997,2a00:86c0:2006:2006::145,1
2998,2a00:86c0:109:109::223,1
2999,2620:10c:700e:f19::224,1
3000,2a00:86c0:120:120::146,1
3001,2a00:86c0:109:109::232,1
3002,2a00:86c0:119:119::132,1
3003,2a00:86c0:1010:1010::144,1
3004,2620:10c:700e:f19::217,1
3005,2a00:86c0:1014:1014::137,1
3006,2a00:86c0:1011:1011::138,1
3007,2a00:86c0:109:109::177,1
3008,2a00:86c0:108:108::228,1
3009,2a00:86c0:300:100::141,1
3010,2a00:86c0:2037:2037::131,1
3011,2a00:86c0:108:108::145,1
3012,2a00:86c0:108:108::179,1
3013,2620:10c:7004:1239::76,1
3014,2a00:86c0:1011:1011::142,1
3015,2a00:86c0:2037:2037::130,1
3016,2a00:86c0:2013:2013::138,1
3017,2620:10c:700e:f19::172,1
3018,2a00:86c0:120:120::145,1
3019,2a02:a000:2:212::2,1
3020,2a00:86c0:98:ae::171,1
3021,2a00:86c0:116:116::135,1
3022,2a00:86c0:2006:2006::150,1
3023,2a00:86c0:1011:1011::134,1
3024,2a00:86c0:1010:1010::146,1
3025,2a02:a000:2:212::e,1
3026,2a00:86c0:1046:1046::132,1
3027,2a00:86c0:1010:1010::156,1
3028,2a00:86c0:109:109::146,1
3029,2a00:86c0:108:108::195,1
3030,2a00:86c0:7004:129d::220,1
3031,2a00:86c0:2006:2006::132,1
3032,2a00:86c0:1010:1010::131,1
3033,2a00:86c0:109:109::222,1
3034,2a00:86c0:1035:1035::146,1
3035,2a00:86c0:1014:1014::136,1
3036,2a00:86c0:121:121::146,1
3037,2a00:86c0:1011:1011::158,1
3038,2a00:86c0:118:118::135,1
3039,2a00:86c0:2006:2006::140,1
3040,2a00:86c0:2021:2021::132,1
3041,2a00:86c0:1008:1008::132,1
3042,2a00:86c0:1003:1003::137,1
3043,2a00:86c0:1008:1008::133,1
3044,2a00:86c0:108:108::247,1
3045,2a00:86c0:2006:2006::142,1
3046,2a00:86c0:2006:2006::149,1
3047,2a00:86c0:1017:1017::199,1
3048,2a00:86c0:2006:2006::135,1
3049,2a00:86c0:1047:1047::131,1
3050,2a00:86c0:109:109::132,1
3051,2001:1291:0:16e::b,1
3052,2a00:86c0:300:100::140,1
3053,2a00:86c0:108:108::131,1
